impression_id,conversion_value_usd
6b896057-5047-4896-bada-5195253f4aac,14.025445702217167
db7dc799-c0cf-49e0-8bf6-632501dc023c,16.387413842472256
43a95cff-d688-439e-bc74-0d9fe65a3a41,14.399132382777804
48edff17-2610-4f04-9e73-6e70928c12a0,22.22282033886708
79c953f8-5959-47bc-84f1-4f2ce94fbd73,26.751781947689622
b31df4a6-e1dc-4c12-af36-d2bd8c5fbd3e,32.61136385131577
b6b95a3b-e681-4eb3-909c-ae7f5fb06301,41.1218864010046
bd476218-b32f-4bc7-bd92-410e7443f3b4,34.639650030614426
7d0a77fb-5c85-4c84-85f2-027374d39bb6,18.227966182245424
b9feaffc-2269-4375-84ae-a82c828ca26e,30.343862379032736
12947264-39d8-470f-8767-9eb58bafdabc,32.33069607351845
f70c8abc-36fe-4d5b-9c2c-9e03118700d6,25.481244856800323
e86de168-9432-43c7-8e3d-fcf525090b36,37.26669908901957
ef514eb7-29d3-4d67-96bd-3ea3044c7643,27.577763493479807
aacf718e-f7a9-49c8-a549-6dc2ff31d8db,19.500833890893013
516f6b1c-aa12-43ea-aff5-4b0a910eff0a,34.23974025524305
31369554-35b0-4a67-b137-8137e7da065e,25.62471364532989
c37919c3-06c1-4b18-b68d-b5eaf52fac84,36.54313621422341
72e29d2d-a393-4e3c-81e5-3c18a47d993d,17.701087239646803
99303f3a-81ae-4bd6-847b-72cb8f6441f0,28.891899585116096
92e038a9-bfbd-4f01-8c25-2ef46880695a,22.279679544166047
5659ea9a-4ae7-4042-945c-2e9bda2a5696,29.659874510293076
a39b1b39-d4ba-482d-888c-1c145a362c8a,20.758856353368152
14c08c8c-7c6d-41a8-b143-393f831e4628,21.484755988634475
340c3705-84ff-47dc-95e9-9534fde9a549,31.026278559322307
2f6f4ffc-e31a-413c-ada2-ebcb004bc23a,25.93486840698413
0af831a1-c891-4f9e-ae22-bb03b3e764fd,16.434787500688607
91fd5f0e-bdd5-4516-9b30-1cbeca695de2,18.559925461497496
e410a745-d2fe-47fa-b152-6c0bac04d022,18.41691974797586
dc71f2d1-6d4b-42f4-ba22-3f63e9cac7f1,32.08054130527144
6ea480f0-9b6d-4241-bb1a-b2d8834bbf9d,20.014253910862802
1f3e648d-9ce8-4d83-ba13-124b9bb7daf2,20.85600175089469
d22a544f-bd57-4ab1-b5ea-1eda625d05dd,18.941591890677053
c36eb43e-85a6-42eb-8263-6df1f9c6f296,30.26419774576217
301b9a4f-d225-4c4f-94a0-7bdddbb711bc,39.240337085184194
c8f4d68a-be5d-4a5f-bc8c-4fd46d523ecc,32.31178435228536
570a5319-e36e-443d-94df-4a0a6f50cbf5,17.64512570893671
5bb53a5c-8429-48ee-afe9-442edb491035,35.62275574993603
e332e06b-8e69-4870-9ee7-26e3cc0132bb,33.856544139927976
9d85a318-3c69-4c13-b065-e058e06169cd,19.6762702025824
ab22fde7-2979-44b2-8b63-194f9bac2061,22.83418077250031
1337cf2c-a366-4881-bcc6-6d227652fd87,27.530989139762195
bffec35b-fb33-4866-8340-6c1296860ed4,38.32407415321627
96458a9a-d028-4e1d-9661-5939185d0d9f,19.358177725857118
c7baea9e-e12b-48de-a591-e1098f045de5,16.09212130539122
42c6f141-67a3-4eb9-a15b-5640cf780226,21.196410108595074
52ecb5d2-07a2-4dd3-8992-b6705488ce91,24.383436774695724
c0505950-b59d-4c8e-a0a5-6bff95990bc3,21.09961450371498
0c72f881-544c-44ab-b76f-1c9b6a5ee54a,29.72618471877421
72d11051-647c-4f56-9773-2d67528f482e,30.163742033911948
40326f40-e2f6-4df1-903d-3fc4b23e2463,36.44593258544271
453784d7-4d96-422a-a635-cc0446422c71,35.50776698713262
03f6613a-0a3c-43d7-a2ab-4d73b62c5b2d,22.873297552101967
16ad7964-d348-46e7-ad55-0b4f218896de,25.983911177513697
75c3ddee-d73c-4c97-8b72-1b1402654d7b,22.941386741688145
b63cb88c-c5d8-4e20-b1c8-645466f59099,28.85272814711078
801d2ea7-f6f4-4f92-8ac8-b1b616a0d58a,36.29973210318033
bdc8f232-0679-497e-9059-20692040b5ab,28.480041585845367
e1f3332b-4af6-4fb8-87a5-272322380775,25.58630151109738
c00f3328-ee6e-482b-beaa-f530fc9aace8,28.848338247345282
2922fc2b-59b2-4dcd-a5a5-c20b730dc676,21.285625692654115
d8a4be2a-8271-436e-a73d-bae74fb87b51,18.040965961670057
10e9391e-85ba-4b61-a999-b59ef333e1c5,28.751443770948903
d9bee08d-a7a4-4288-99a9-2e78cb7ed70a,16.92832622081356
8ed30d2d-568d-4543-89e5-72b4a15a3870,29.376700999006665
d0f9764a-3552-4018-9700-7841958ddfbd,23.960150464499275
227d571e-7cd9-426f-84f1-fc1652e49492,26.4718637755833
caf8c695-8825-4793-819b-5e9df34fd6fb,36.625574416095944
8fa02a4c-9e9c-4892-a5d9-8f1839d80cc2,29.041403671990608
415ea978-04fe-4996-89ca-63f82ada701d,36.264705151402794
ca008410-5ad4-4b5f-99df-06aa9bba7d79,33.6038625700047
5f8c299c-c4e6-4436-ae26-c6c56ad3868b,15.574253487844892
dc808a5b-b396-479f-ac8f-2da63f1011a3,37.7919407071566
8142ebd9-1f67-49d0-979b-dd0a1d779621,23.7095195141735
a78225b2-fc86-4713-9ac7-137e23399479,27.607170611820624
e8fc71f0-ac19-4daf-8055-1830b318b9f7,42.12355742039146
5f418baa-51d6-4752-9759-2664301d7f3a,32.73029686717081
95aa0c6e-f064-4357-b998-9bcf07bd76e6,29.77932904889227
6ddf64f0-452d-4cec-a3b4-2e2503a98c44,18.03653271387492
f481b708-da80-4a6c-a199-f2c941f9f48c,34.52872070670688
330567bc-5178-45b2-8d21-a1b3afce963e,17.957436753543863
654c3a1f-d163-40d6-be01-f5638a18ffcd,23.437450110833687
bb87bbe5-cf64-48b1-95d7-4fb92d159703,33.05410113815351
a5295255-27cc-4f80-9a37-01d23e9e32fc,20.1681317816576
e1b5d818-260e-431a-aa89-f313aa7cb98a,33.42267014266601
1c66f96a-2068-40de-9a71-38ba7f7182dc,34.197205816764026
d4ccd1c3-066b-4fb3-85e7-f010dff1b9b7,24.49409460794113
961ebfbe-ca1b-46fe-931b-9b05aeada80c,28.985402743967537
dd736299-7c5d-4d2d-92c6-5be6c066648e,19.902743461199464
9ae2ab7a-a1a3-47f8-9c5c-9eae52c16d61,39.2268730466159
105de172-d1d9-4481-b947-33f56d6b3fd4,15.934151006998407
15401c64-2fc7-4ba3-b525-1964785a8cd0,29.278962263808534
fdb91307-14d4-4e0d-8510-2d78f9b60e39,21.51087387762376
6942b5a1-3ac2-4ba3-8c66-7c8c7c4e0f39,29.136574625090923
5ee2325b-7003-4d9c-b8c6-5f57f40619a7,33.14103828646686
c3b9dca4-def9-4daf-bbf0-67fa8d364285,32.26443758651923
5db9a89e-77f0-4891-bd9c-e6a2090609c3,31.112753219158275
6aa3c5d6-c12b-45d7-b265-a96c8521b82f,34.278076563481406
cdcc58ec-a6e2-4b8e-a00e-2935349878b9,32.07195661669789
f078627a-d783-49c7-95b2-fd604c8d16db,31.27353059109236
35b72c81-117e-436d-8b01-de134fbe7f6b,27.60412554925159
4acc84cf-6ea7-41b6-9b8a-ff4b7f029672,37.91700181432803
d67a2593-a314-4ad7-acfb-508caf441755,33.357075032693864
65b458e9-90c1-4586-a394-fca6ca094d09,22.148791047844963
cdf4dad4-609a-4405-b07d-848791636d54,21.01569547010961
21b2d136-4c15-4f76-b4a0-3ff29a0c1d86,29.89833018516597
cb300713-aa2e-4ed5-9417-c7fb24017c34,34.660623928364046
488d1523-84ce-47fb-8a97-aeb5b1cf997b,31.47097137892288
19d67d0c-4155-4f90-abc4-5ae1e63d18a7,14.272454582697142
d5a55f29-e652-4c03-987b-01e3e9b8ada0,21.22264382322781
b05a9987-67c9-42fc-beb8-d543cdf9c5a7,14.85584920340466
f8140e17-5c12-4539-a3e6-09bb7b478d7a,24.078056804475317
c70846ec-4f10-4c5f-9def-cb5af4e8f6b7,36.671557473051564
a293f9b7-75ab-4bd6-b87e-67a212a94b95,25.431952781097742
65b3ef1a-4fd6-4168-84ac-34fc1dc2547d,21.146011361802785
c2dc1b84-76b2-40ca-ad51-f5b330064082,19.61914656457774
9d5bd2fd-7d89-4c15-9087-77dcd053cc24,21.398138651088242
5718dc33-2e15-4bfe-a5b4-c7315a60b7e3,16.36906178658405
20cc3067-7c64-486f-a56b-ef3ff0250aa2,19.313794472458945
0c06a5c2-fe29-4054-a499-0e52f2b046d7,26.165414247640353
313ef299-d94d-4555-b88c-f60cc43dfae1,24.693398906077142
f7d93629-4f54-4111-8ecd-a38d9129d1fc,24.353180201585097
022b4656-7387-4623-9709-342aee0befa5,27.9294371860263
760a7604-89d2-4727-adda-c83f57b22a89,28.53117585230103
e0d2ac31-0889-4321-b0f5-f9dcc20a94be,12.356020706414075
5566ee14-11ee-432f-a100-c83aa99fce51,15.924883096311394
07d4a5cd-7b16-426b-b8e5-e561bfc5250a,25.407848558883682
e4acc32c-f742-4e74-9631-a56c089c8f99,35.16406007738263
fb92206a-e9e0-49b8-95d0-8678f1d8f81b,21.077367792813
84471c6b-fddc-48c9-8e13-509c8a4bd279,35.202160745688566
a6d1b39e-354b-4112-a03a-d9f87f0719cd,26.591149220985333
6cd34a28-5671-4499-873f-e9098a2b094d,17.862161743041064
728b0368-0ddc-4ea1-9e35-7884b63bbd2f,30.070342831356808
834ac903-116d-436f-b0c3-0760fe8fe52b,15.302977064951389
f14a229d-b99d-4cd2-8bc1-b252cf3271a0,12.164378785041938
412534a8-9967-49b2-bd14-2c35b68113ae,35.536569322261336
70796bf5-995b-439f-9fd6-168b80d99a83,29.833664226230088
6ef31e8e-c7cc-423a-a329-07ceeb5237b7,25.518343685214052
eb7fc0d6-7559-4d8b-9bb6-5733b05d0fce,16.263880877194836
1222be2d-2bfa-4aa8-ac5d-69b0d09c90da,22.478837479179326
9a01eba9-90a5-4776-a530-685fe0bcb42e,30.06053339324041
d55289ac-6687-46ae-a288-3521bfa9c2ed,29.32007061458391
8bab03a2-b07b-4ddb-a93c-ab2e935d30c1,16.41843635798277
66168784-88fe-46f3-86dc-dd017c2da9ea,26.390444091134988
eeddb8f1-8f54-41eb-965b-f387d2377ac5,20.813548717270116
e20c0703-6e90-4f05-b071-e990c35de64f,28.535883095162728
,17.60905782397785
6634ea83-a69e-41a5-8e93-7e0e98127978,26.444571062753294
f95ca7ac-dede-46b0-b4b9-e93a5b168599,28.40048448194898
8bb3e908-0486-4fc5-afdb-ba081fb6588f,27.392981446544027
abec15d7-1162-4aea-b3a7-21ab2dedbf37,32.74570006572766
6e693648-1705-4282-bc2a-d0d80dbd6f47,14.902821088383146
bcbcaa41-f350-4998-bf0a-2dcc9af4174c,23.21601209485609
84a4c997-b0bc-4685-9bf4-f94ce1d50787,37.9061256909997
f274a44b-403a-4263-8dd8-30d6a98cd361,33.48026803722043
8e438923-9130-4611-9359-8a7dae78b109,23.713395767294124
c2f3ac0f-c53d-4d41-aaec-5911604dd31f,25.828137433123096
f22c718e-2818-4b41-9d4a-fcf7bd830ff1,16.215100800351152
f01aae24-23bc-4dbf-b0b6-ecb0f4521a59,26.32931008887225
6a3ba979-5f14-4bcc-a70b-636403320056,30.326654674385058
9d1711f6-313d-464b-a872-12796eae1cc1,20.897395132022332
2d8e9d71-d27f-4a2e-a0c9-3da60e9a9b8b,33.99702243270718
310b426a-f3a7-489c-a7a6-649d26257e5c,17.79942059282971
d68ba60f-7eb1-4576-9d0d-8d71394d7e72,30.19564971318697
31a37e3a-57ef-4744-8df5-e2b5b3e4a3e2,12.696454627600412
aebc7552-c5be-4b2c-a639-49d872b9ce9b,21.851830447033286
f6373c6c-e041-4e2e-bb81-ed4c2938f643,33.88698516866536
475f4344-9eec-4ae9-aff5-2d7907c89da8,16.227409244962015
046196bc-0cc1-4a9b-959a-927eff3ea7cb,14.720031832355584
bca7f31e-da2b-451d-8ceb-219964bc80d6,33.94080237851932
d7fcdffd-dfc2-487f-bbad-2800bca3c6b9,14.979734985486227
adebe810-7167-4fa6-b873-0a74531510ef,38.836619180542925
8e269706-2dcd-4f26-8c37-0b5936907735,18.82174767818693
60aa3bbf-8d0b-4f8b-8c7f-e67416c056b9,33.76330374187815
7cfc2c80-d625-4fd2-89e6-d716972cb674,18.84659887389502
344d063a-9efd-42ed-94ef-95238db5320f,15.578812681534886
d733abdd-17b5-4b25-b496-1065a3ed6a89,22.580673934548464
b9ca0349-6a19-48ac-b43d-c552d28a7970,31.866837974929474
a8faeb16-9265-4e7b-9ec9-0d0858587319,17.127280391505604
8ee08063-f6b8-470b-9397-f01429d372fe,13.220296509227254
e4ff1955-ad62-4ddd-8815-d98929662c00,14.603185300321504
8b061417-fa6e-40c6-ac6d-aa8f2522508b,37.19072442238176
b4771f6c-56ae-4de9-b1d2-0569f8855d95,17.4233795515773
a6644f89-1cc3-4557-b37d-bcae6a901ece,27.580141955904054
3b7bc511-a86a-4f42-96de-59a1db97fa97,29.84057441552836
f5ed08b1-6eb0-4999-a461-5cda36086564,19.847651778964817
f59f8303-1efd-4d7b-b69e-0c8239aeada0,38.902608414894615
f6a6e7ac-9eb5-46ed-b49a-36b9fe9ae188,21.155868214344586
94a99a82-1065-4b44-9db7-7aa70875e83f,13.619717554100394
7fb4c2e8-e60f-4972-8832-0e8852ce427d,19.388063557222925
6f21b579-970d-4c9e-a223-7e57a52cda0f,17.926784738978817
afac1f4d-1778-4b1b-b226-bca6442ff730,22.315281284809373
62f5111e-1100-40be-a5bb-7397e2d34f8e,38.692728888546995
6534f9f1-a787-4d55-8fa7-5c2ac6cce673,35.354834881500125
94b63c3e-f31b-4cfe-a58f-2650eb60c125,23.02161369745971
94aab2c5-84aa-4b60-ad08-f9d6ca4fa2c4,18.703525190618198
9e8f6026-c42f-4925-b589-59442df16bb7,32.35475956324555
fbfd5e92-41d8-4155-a3a9-a8129108905d,21.65512142321736
fa2215cd-8400-4629-a918-71edfb86e040,21.417949267556914
ba321702-42d3-454f-a28e-8fa7dd227f86,25.657696650523235
15dadada-b08e-4ad5-b9f3-ccd1d91c98b6,32.83447587502563
2cf8073d-1339-4874-83c6-39cfdacab1b9,24.840590136686423
ddd018a2-4169-47c5-be21-affaccdb2752,39.0148039560208
41a72dfe-5104-4e99-b9f1-c82e829d978d,34.96430138184412
264b9c1d-1fb6-4bc4-ad55-879b9355f264,32.86675363393118
eb2efa29-5faa-44eb-b270-a47929a98e15,32.24936537435099
,32.43792177830214
1188288a-3939-4a11-8837-0eeca77f0999,36.040296596625424
bf5349a3-db9e-49e0-aa7e-c24201dd33d6,24.443110407643267
3bf583be-022a-4fec-8263-93fe9c748719,11.40778522419911
416e221e-ea4c-49dd-9c54-77277e6c7c2d,16.956607281892538
89026d1c-f1bd-4b56-b064-4a031b8dc1a1,27.865617082910926
9a88d5ce-dba7-4384-b96c-b270103c8ba8,34.31474120512796
91a4f125-3d2b-42f2-88c2-2828ae90fd86,12.954476298779579
24363b8c-792d-4e97-aed6-818348dbfc08,16.55658652667055
c5b3eeaa-3500-4be9-b7e8-547a2da898fc,32.32836907724103
7a05d0c7-e279-4dc4-86b5-ee8b60cfda06,22.6586674258226
ca908d2f-e18e-4391-bde6-349212aaf784,17.33789190943136
bbb2b810-d25c-4b6f-91b5-96a257f41d88,18.102424419663176
c94c9007-8b27-4755-a231-dc1a13a97f4a,24.94620517252888
02850d93-9937-42fe-a2de-ed4cb4f068a6,25.704290330378726
4b62513a-f662-4ded-8e8d-1e89af60229c,33.41627914331453
8cb780bf-baea-4d4e-a6f9-a65a636825ed,17.66698969260311
d9a18f07-5f35-466c-b8af-9f507f23f061,34.96852042317803
,15.442421907590589
665fd361-fab7-4ee4-8619-f266fb16f5fd,30.43464784963452
fc02cdf7-219f-4f32-b083-6c3564fa33cc,32.41173376147347
3b54ca9d-9eac-44a1-ad69-ddf73aa7bffb,22.273531811164382
dfbfcf04-1fb4-43de-8b59-774d7802e9ed,17.92457289536752
50a095f5-4396-460e-9e7f-d75e93e3becc,19.651495445214387
197cfcd8-2be6-4d47-91eb-b7410c4ed4eb,33.90902850994199
023fec44-3424-4b72-937f-62d6f9ae0f41,32.23800805656795
3cd8187f-2d17-46df-9d18-7dbc7d98aecc,32.5266301244092
1f2aea32-a6dd-4a64-b920-05fb4045ef66,25.455929393755703
abc198b1-375b-44e0-9ee1-457f4c7c854d,25.741787294308637
7993d575-7fab-438c-a47d-edc5490a4126,18.56745690388057
892f9552-356c-4793-ad5e-01d10a4f5e9c,18.011125349684455
cf64ea43-cfeb-431d-bb92-b6fcb39b0d83,21.493282255502336
52e09017-2f7e-4aa4-9ae1-fb708e8fe744,24.291423358801783
ea26a85d-a872-4dcb-b74e-bde6f3fd3578,20.007528208775497
e89cb880-33d4-41ea-a871-379d1ef0c0ff,26.945594850789764
51f6edb9-6922-46bf-b481-793b2468b08d,28.565070045448746
5b4fb25f-849e-4b36-af56-780b61091168,28.243058760192984
be81f9ef-24ef-4cc1-96d6-eb2db165411e,15.593002886857034
b1892d21-7b52-4dbd-9c74-1bff7f103f7f,29.791977816376367
edc378fc-c757-4e64-8b59-d7713f802367,27.49622658819077
da2b023b-01cc-4a9a-9ec1-26f89fd8e45d,17.05202687359873
a0bc3381-fa41-4996-a650-42f9993edeea,22.17295210830163
9fbcc12f-1e51-4079-b107-c4db30cff2ed,21.007648984065668
4c6fe95e-b691-4e68-bc18-551a1334669c,14.595985895208413
d776e995-82f4-4fa0-88e5-8363b0f0f775,38.39577661633071
e7159706-1566-4353-adae-322af9b943b4,11.38622549657494
31df2f57-d2c2-4a61-9f86-404312c8a242,10.576970448555763
4dfa2840-859d-464b-bc7d-4061e6f5da4d,34.52778482973709
1ac4158c-7787-4030-819d-bc1a381b9f6a,14.607326996261225
f3d0ad9c-37e0-4c56-a133-8c4b4a343d28,24.288376754304057
a306ca56-25b6-4a3d-a9aa-a1242b1cc0e7,21.029866950690383
436b8ae0-8a91-4b88-b90e-5400dd778ce2,24.208228994147227
f62f00c7-4b7a-453e-9e63-7490d8120efd,16.50803315560252
9b51112d-43f7-46c9-92dd-d1685047a383,31.006465005274897
336cbc1d-e85e-4769-8a65-0825f641b6b0,26.378603963599076
88697d06-7ed7-41cb-977e-86991a879843,28.778135772248092
0b7c3628-e680-44e8-a852-d56fd4d12303,18.575098753319473
11ff987b-ba32-4463-8198-31f01e6b0494,19.951991189284996
c4a2257b-e653-4b37-9766-b67fe7b3455d,34.61443991873214
02efa6c5-9828-485b-9ec6-253e153ee477,13.883570736906732
52abff0b-bcfd-43b7-9451-f30f0c93393d,28.49403657413048
1db4c8fc-f5c1-45eb-a765-79147770b4c1,26.909393041301673
bfc0762c-250e-4432-a14f-699938852550,15.051538992685442
2a6494dd-4c91-436b-b16e-e1b333a5aaf4,17.668620603684015
f572299a-b175-4cb5-a5b2-a4d92d59911f,16.532176524225356
4e9ed84e-453e-4ca3-943b-d7252ec96e4b,24.82857510601032
4510504f-1779-470d-8b95-f91471e64871,17.504617709544984
321bbe8f-606b-4543-8aa8-f1fc7abd3a83,13.02200633871707
0d04fcc2-5283-442c-9ebc-43b23a9e76bd,23.65165453142891
2c9f8c1d-7890-4eb2-a245-80c67fb81b44,31.09681551326784
25cad566-0c65-446a-98dc-aeb9dd74c536,29.520303964502325
c710cae8-0607-42f8-b235-5e6aa5ebabea,16.872152551917583
08e1a53c-2c1f-4f85-8f18-5156aebbed60,35.661402530585434
5d032fb1-7bf3-4b1e-b5ca-0d7ba93f6360,34.8788408772164
c01e5953-0876-4638-aa58-27f448acfe6f,34.047322192269824
5c14e638-7329-468a-a3a6-95a14d836a3b,28.980805586955395
cf44a424-08f0-42a1-a67a-62646ca54268,17.59260656506614
df0fcdec-7532-4b48-9f10-2962bfa0705b,36.8429912813241
71eaab19-8485-47b6-914a-1211daa5994c,28.77279907036173
214e3136-d092-4b5f-859b-1ac75bc75f35,16.500155106681163
2e68780a-491b-43d3-852c-b6643a03be76,26.292491631337036
1972a69a-fc7e-40e3-8034-0559a17731f6,32.48002311039342
c9aad2c9-699c-4be7-aae8-015e1f0c4b94,38.700743016558434
a9695c5b-74e7-4768-a356-913d4ffcc5ec,16.95753645387142
2e79cfe2-3872-48ea-b2e5-2f281bea90a2,13.235899810964407
6841faf3-2431-428a-9d44-6121bf3b6e4d,26.132591689500444
a4224c48-2afc-4a1c-a468-8bfdfb0712fb,35.80085855360734
0b8e18d8-6bcc-47b7-b970-a8f45ef0eae6,33.436440812625044
80a25ab9-e46d-4b44-8db5-10ce7ee5451e,23.280700067387606
dadb004b-dd5e-48a2-a621-6a29e82b2f9e,42.25769326669633
8a6ac050-bdaf-4153-be84-846e8feac144,22.870712956912776
d2a6f892-6f4f-4e8d-8f5e-ca04218bcf30,24.29069572505319
436e3bd4-95ad-49d7-bfd6-af304becfb48,24.891244212469637
8d523cf9-fb0c-4aa3-af09-da51c5e7e817,19.20707200786341
cea1f0f2-1e8a-46bf-9fca-cbd0d0ce35e3,33.08276705117777
30d02a18-afb6-49bc-b88b-5db109e48522,23.034724984302784
b53e3248-f89a-45b7-8245-44951384b9be,32.92475548450896
fb26944c-3663-4ec8-a9c4-ebfd44dc13ce,34.25377807706919
67f24aac-37ba-4ff3-81a7-ccc37c25c350,24.65106032545515
589ab2d0-9fe8-48ac-b651-740984f70975,24.79071025253794
1c79ee3e-376d-40d3-bfdd-ae1d75c6f929,26.954101481365935
d5b0f8f2-9970-432a-854c-29b57f5f27a7,31.966717242592438
16971429-62ac-4bdd-b8c9-4119e6d74fb2,33.102412018910314
e5561e1f-fe5d-41d6-8eea-5667f87bae90,33.180405677962156
dad8dfc5-0bef-4ae5-af67-05ea17b2235e,22.213679789326964
ee9ff394-3f9e-4c7e-b6df-2e1d0dc94540,30.438769045652514
e675824c-784d-4ac0-b0a5-8f4336effe7a,33.6751939620754
58dcf1c1-eaa0-4f93-a38b-234c6246de88,33.67907574555649
c8176d36-6b0f-40c5-9db7-8ffb37d36883,36.24061570728465
aa4f6bbe-54ba-4160-941b-93c252d1d15d,32.20301487380789
a412c047-62b2-40db-922a-46d0a06fceb9,13.413708611226575
c4a3ea3f-1444-4afc-b31a-1b1af2e30fc2,34.433455705041425
881caf9b-11ab-4b2b-849f-ae4d168226b0,29.660917139057663
482865e6-df23-4d2f-9615-f833d00d1dd9,23.481454007696257
6372f257-43e5-421c-b93e-8563ed06f40d,15.534241255333455
5bf5a450-c2c9-459c-a83d-3865321c881f,33.31192401433207
4d006bbd-5f55-4c0d-878e-071477eb21db,19.66141289084417
9c0422ff-c2b2-4bbb-a497-c9c6b0bf6c80,14.803248366633913
b3881a15-9e3a-4f2b-a479-6210de441f46,34.47502034257411
dd844117-4566-4e05-beb3-4306f829110f,18.98491310141123
3c050fac-cb99-4d2b-bae8-8d15e950fedb,19.37226146844248
fe9b3e94-c8b9-4ef7-ae62-90cba419b297,19.34980199970621
2ed3a48c-9981-4330-81f0-6d68de6a9818,15.848516374526408
cfb58080-0392-4f86-bace-1cfde6cb76fd,26.132098830698382
f981bfb1-ec26-4b1b-9f47-70bf34abdb17,24.173073932076495
be7f053f-676f-4cd3-a362-2bc20d96ba2f,34.692839287074136
c78d5096-fd9e-44d5-acc0-dfe5bd52b160,26.383681608144414
65c54ce4-29a4-4fa5-85df-d5ee44687b42,30.126138800115953
0b0c18c5-a6ac-4531-bb79-00cf47338da8,32.43792177830214
ad8795dd-b2d5-479c-b24d-6229361ca88e,29.808136648104064
,19.007741018542895
11908530-d31d-4ba1-86f2-f55334cdd4df,34.695661583833754
6f75e2a1-f077-4791-aa63-a6d557debbd7,16.0406899732668
4f3e451e-f88f-4388-928e-88dedbc25be6,33.57491957824169
4658e3b8-40ac-4f40-a087-ba87900477f9,25.259474604567586
32192eb1-ae56-4e92-a44f-1730b56e1d80,20.086076254264384
94af133f-b6d3-4daf-8a6a-e3c9fdc2393b,27.820371531681985
86995a81-5d90-4a37-8f23-5c0e354bba7c,19.4965979337848
45b5d471-b2a1-4bc0-94dc-49a2c8df1c89,12.391166350310218
ae807a58-7ee4-4ac5-94dd-a8c352b2ee39,31.413664285670247
48fc9c08-e9d2-4976-a8cd-12ddbf6b90c6,34.836781966636906
920f350f-a8d1-45af-a2e7-2b1bbc33207e,20.666279350724793
7672b5dd-f883-461f-8c10-a9c6933cc061,17.25922725034941
92736a98-29b0-4818-b249-8a7e14146375,40.702877909020614
696cc647-3997-4099-88d9-e3ff8be2e4f0,18.195590459888233
7b96bfab-626b-49d5-b3ac-07719344bfb5,28.939555417512572
c53db384-8414-444e-81b8-99fafc5430a2,28.33313777071336
ca9748ef-9cbe-4946-9c91-9bcf32473cb6,30.1996975072442
001642e3-a71e-4542-be9b-a3b235f0c8c5,27.523477610397855
09dcd11d-8c6e-4d52-a377-d76fc610dd6e,20.006103013225367
84b4af15-45be-4dde-929b-149980527bd9,26.76215651329922
79e36c2f-3c72-4297-b5cd-980011b798bf,24.27700085665595
e268339f-f996-422b-85b5-aa52ae396ad3,14.179438534396333
c33f9c83-4e7a-4ee5-87b2-9bea694fc377,13.229034154907037
c5637470-a142-4a0a-9946-98a5f654ab7d,16.38362535142568
be6513c3-817c-4f84-bf37-795abd7bacbf,34.795281198694
9be79e3c-5d7d-42d6-a90b-f140a7fdaf99,27.044698076887208
b2c9fce3-7c4d-4830-bb5e-040b45d99d25,39.317547368056
64e4a1f8-82c2-4718-abd1-40c290e694b7,23.51721719662882
8ec7653c-d500-4254-9a3b-6d6c228bf325,17.036707377737798
352c1a73-59ae-48c1-af39-c6102155aec0,27.793879551218588
0bb1c01a-f343-47da-a38b-e4d5d51d01af,20.363938834374032
94b14321-6a1a-457f-a51f-90706c19ca38,22.106296771018386
2b9ced17-001b-41d2-aecb-b187cde5518b,16.09383939454989
6cf814f1-29f5-4f31-b350-c62681fbcb49,30.378446609342244
2822231c-16c7-41ec-8991-c7fe1575f95c,19.944672932861845
9a9964c6-9af1-4464-b540-3cc14354e395,36.23498907890878
c0d7b323-46fd-4e75-9d83-25f1fa5ddd35,33.27310596399904
d53fcfb9-8039-4f4f-b00f-17bd6f55c579,26.280209466727833
81db5db7-fc5d-4f66-a733-a45fb085d58b,27.001938689615884
0b4c9848-cd3a-4f61-a717-ddae97fb0597,37.37254766801041
4a15a30a-5813-4772-a0c1-2a56f1680503,17.129229725960016
69fec6d5-a433-4de3-a548-dbcad8c4e2c5,34.83184794129091
6cf68155-1ada-4553-a23b-5772adf54775,21.59786172107718
4832eeee-a9a5-47fd-8d6b-68e1c84ebe62,20.507826556888105
631e6239-eb7d-4854-a888-7b0cbb7b6ca4,28.6149438205132
eb477025-ad45-4235-9d57-9f03151d40c7,22.165653687477423
d8144787-d88e-4707-a8af-fa2be2dee001,21.653948141576443
82dad365-f367-44c2-a5b8-d83969ae9551,15.745680932574567
ae225b06-232f-49b7-9714-1c55a95b0122,15.442421907590589
7cb85dbb-4fb3-4e6f-aef0-1db1f86697f6,18.162001794152644
f7fb6bba-a80e-4c4f-a84d-0db571fd1a9f,25.911217949567558
5a6d742e-a01d-4427-aa68-d8f0e94c19ef,19.681215905384747
09300051-745b-426a-a94a-48e46d3cbbc9,13.447890172514954
9aacf26a-f5ca-42ad-bb13-e96791ac695b,21.119385999468648
13c8fe13-7f1c-45b8-98f5-3f008ccccb8a,38.14118709944816
4d59939b-3f62-4abe-9ac0-226fc3cfe46b,16.223267136974
828fc137-e3a8-42b2-ab62-f26a60cba069,17.503692298853217
303d2a75-3d7d-4f0d-8563-d19cda01ac8a,19.90561820403071
af381f33-4667-4f21-ab22-ad4cd1e015af,20.888312567213003
0ff5fa7b-e1d4-4501-aa22-01e3da46c54e,40.22642649674984
37fbc418-78d6-420c-869a-44ea283bd286,25.51647470135906
c774af25-6f73-4786-bb02-9c0c1a98b04f,27.229455277155235
b077bfb9-ecc3-4427-b044-8ef51c81beaa,31.801586791562727
60c9c77a-d942-4391-a335-276f6169d21b,28.625684275278985
3d8f2ff1-44a8-4aad-b779-5690ff197e6b,24.238680393195935
254bbe3f-1e92-43d0-9d5f-31ba86eb8a32,32.194374894749494
1e21433e-0f87-4097-a1fa-ccd862ab19e9,24.92257108044275
0583070e-85d4-488c-9205-e09c1e930e2f,28.3105913809018
77deb3ff-648a-49a1-8d5b-59c55111707f,20.113211092755016
9185d55f-811d-438f-a4a7-c1199528f641,31.488835066466525
bec66a2b-10b7-45e0-a704-268471ed8bf6,36.323188521363086
499ec592-996a-4900-b662-615dd62c6de2,35.17791390462956
a808f92b-9f0b-4a1a-8ed7-3c93ec239706,25.71608852492371
b2aa6691-071a-47ad-b50e-27fadc1ca0db,27.70034872875092
4305f405-f640-43bd-bb5d-3c9a2301470c,26.41727302339828
474816cd-557a-4d33-96f5-a34788eabcea,23.57786706782253
1cf36802-9cb6-4e6f-9bed-daa368a04419,29.80806733751531
5a0cc8bd-6e03-41e9-9899-f4bb692687c0,25.048497127845245
1298f2f1-dbc2-4726-a316-ef8493ef99ef,19.371366943105564
e3217f1c-ee71-4ed3-80af-62413bff44d4,35.366104914486684
e536fb40-0cf8-45c1-8ed3-a9b63a33d8bc,30.240582460880514
95c9db05-ea7b-4d2f-8549-7796d447ff8c,28.349106211391266
2d4d030f-08d8-4f2e-8345-44b16ce10dea,27.733280674759175
8fc85c87-c7f4-4e73-bac7-6ac7b88088b4,24.550242318285356
10f6dd1d-2574-4ab0-a1b0-58a9c2d8d313,31.706911833281364
f6157601-5a40-479a-a476-258c61324fd6,29.348689951415125
1b322a42-503c-47cb-83a3-1e2bfb05566a,33.515239134858774
d642b12b-9a57-4bf2-9518-acfb357e4ad3,25.327903774165144
a08bb571-d5b5-499d-b5f0-5b73d87e55af,40.42104983005396
f9d4bff0-ce22-458a-b1b6-845f490a7651,18.425828237507737
570b4a14-1d8e-489f-8f8c-a80611481ee1,19.696932313678435
4bd1169d-0138-46ca-a74b-266d9e33baa6,21.512087482638254
b3b153c3-6dd3-4163-8cc0-7864e23064ac,23.71277579563906
4ad3d05d-2eca-4375-8dcf-0c2859d41bf1,23.834168937533814
0aefecb3-5d12-4ace-84d6-34d371568c9f,15.563146384745217
4685ef96-63cf-4316-af43-712c7ba51de4,15.22105867837939
ede6d987-ecb8-4828-aa11-cefc3434d3b2,11.145914657021343
38ff138a-64d6-4df5-9ea7-2fac911e3b4a,22.51656380784635
77cc283c-51ac-4e84-abc7-60f3a5fd6a95,35.67693890892412
727964a8-4e6c-42c3-8835-4bd5d28bb051,33.286102458422675
709655a6-9dde-4ec0-b8ea-eb71011e7a78,19.570202246533036
d34f15dc-2511-40de-ac79-12d8ac52bc24,25.468002747165045
95603187-cb78-4a5f-8cd4-e943a51c122a,27.351159357480427
ef6b0bcb-dd99-4a0a-b0d8-7fa65019f5b0,17.351754068391354
f307c6a8-0544-4830-96e7-8df9e451c36c,21.134421031745493
e3658d96-b081-449d-bb95-6898eaa27001,30.430244362502844
85ebf89e-f132-40e7-810a-b59c01e8cf05,26.804510748125754
24f6b8f4-8143-4ce8-910b-10ddab55cf8f,22.355847116467984
940bc7e3-fef1-4de7-ac6e-33596481eb69,23.597351732939167
ffc960e1-d4a1-4f80-b82c-be7632dff351,12.404725310370091
09a8ed67-103d-4ef9-9b6d-0b2e116dae56,26.69855041024441
9557dcfc-12e4-4a1b-ad02-52f39724052f,31.47600212902794
5918da7c-84d3-4e47-86d4-c7e6850c9b79,12.415910492011683
89af72aa-b012-4092-b68b-21c0ca3e2e0b,15.598390866063554
1c243e75-974f-4776-8305-201778c7ac71,23.01081784059334
74235a3e-3bb8-4fb3-a45c-08caed3a3f10,25.775103914387977
51d38f05-7c4b-4049-ac63-feced9430b54,39.875539161759605
b908d152-bfdb-4ffb-88c4-5721110a895f,12.1948776139951
7ee8c17a-34a0-4bf7-ab85-9d3edf423c01,22.68847502090974
411de300-84ce-4e69-b66c-19e7bf4c7be7,35.13597347358731
715b06e8-c4eb-4f41-8d89-2c64674e8344,11.810554243630389
b8c0a9b3-f1e2-436e-bb3d-f241ef69ca62,33.46473920490526
fddfc815-5e7e-4a9d-ae55-55a12eb5f43e,34.81480488654523
1debead1-5296-48c4-8419-482a5d0ad64d,24.182015224332872
db97543f-4e38-46e4-af7d-b9a9fe19ad22,31.555398450558286
a453267b-c80a-4979-bc77-09ee628f0b75,20.544329579966252
1c922ca8-d01f-4765-b37e-17142b3a2a85,31.776679515724737
57a68793-2a77-4f42-a261-2f65734ba532,33.10185821640766
489fc9ca-a92e-44c0-8cbd-67dccbe37bb1,21.833816650089986
0f0ff78c-4512-476e-bc7e-d4ed79109d89,17.237498590576653
b75f2acf-4fb7-4647-bb0e-3e63d27d709c,29.285647563403426
a2c9b523-cb16-4b26-ba18-92ef00e1ce43,21.348668641555335
6ff04c0c-abef-4d85-bc2d-38a360e1918b,15.436629757933014
35ee2557-8191-4481-b96c-2c436f3f7e28,31.851424200771852
57d35405-f428-440b-b265-b4af5e2aecc4,32.76284748922118
3c5604a9-9e7a-41b2-87cb-a326a555e5c1,23.50028480401749
008dc860-63f8-4957-8f80-fcf1f60702c6,39.910753400712366
61c5e51e-e286-423e-8b01-53e8213905f8,20.956766523644134
2858901c-5141-4a50-ad08-33f038628708,30.849417423595852
193a6374-a1d3-4ed3-8c7b-9371d0fdbc82,25.734171238828218
6bea587d-f046-42fb-8785-1b0f01bdb1e9,37.44739991364051
2c2c7a75-a5d1-492e-a942-3121325c7977,24.465003067831418
739f6f1a-7970-4b8f-b254-069125322f6b,21.719021369007802
c92e5fe6-baa7-484b-959d-ccc76973c871,15.54723768164061
aa2ca7f3-0f4b-44d1-890d-350b1622dc75,37.30150831949348
c4e24769-05f4-4ae0-b51f-e5f3b2e03d1b,22.662100350839722
,24.767604426689825
ea44941b-a8e0-416f-9049-f7aaadb66443,28.03578289506762
41eda9a2-33fa-48a9-807b-5f13d5b50d8c,26.234655222086634
17ba964d-7020-4d14-a8a9-b34442e88bb7,32.14900557679228
a04d8361-c438-4273-bb15-0702e4ca141a,28.197396950633447
8586cc32-ab00-4b0c-8545-d1b7122c05c7,20.174338477712798
3330d260-a67b-43e0-877e-c628a2d44ccb,25.9193196158357
b9539f9d-8281-48dc-bc14-09b1a8ec7c8f,19.726620649890524
5ac2792d-3e1a-4885-8d4c-3aea64683e1f,33.195607683539365
78421d58-3a8f-4b82-b277-186387f03deb,39.98377891464949
7595fb99-4d0f-42f6-b44a-d523a9eb72f1,36.49617308676981
11066f28-7d1a-422d-a2ed-78073f606ef7,22.287235982996254
3b17af77-2ab2-4114-8c88-d7a87c05eea7,17.18851213480653
3c120cb0-b996-4408-b800-8e22bfee55d7,30.497686861095495
d45343da-e5d8-4b8e-b1c4-c2f7e94745e9,19.861125401723122
61d39f91-bb7f-4ce0-b30f-4edd62ceda9f,35.41817902096546
09860e9e-e5e2-4a71-9045-54170eeeceb9,26.09106969720213
9ad1b808-b2bf-4d5a-b378-578150ecb80f,33.183521478655166
dc1a708f-7c96-4373-ae20-8b9bb3308762,32.12651575360239
e078fb17-8de3-4948-a622-fb0e2e4c6359,17.58268071469061
99539918-96c5-4ffd-ac5e-4f9a07b6108c,18.39307811620987
07bdf951-beb4-4f64-9218-df2751f5db5e,31.906743794645767
6eb41f4b-a85b-4ccc-a584-64446fad6894,21.816275844562288
af9a56af-7116-4f53-babf-05e7c92edde6,29.00699321079781
746891ea-3378-4b9e-b4b4-c505f7b6684d,15.47403047531369
612d8006-b5e8-498e-b72d-c86b33cfdabc,23.25778196913773
eaac78b7-828a-49fa-a112-6bb301e6a8d4,35.518618800481406
7b51b092-c51a-4bde-a1d3-18ea14c341a8,12.925610528602093
8ef90632-7039-4680-b4dd-e04d9c341f9a,17.35790687561837
2929ada6-c2ec-4c98-ab76-2b3cfec39688,26.842909075325153
99ffdcbf-64b2-45d9-bb2f-ba3820137a51,24.88446995715693
f2d7001e-607a-4e14-8d48-2ef957732f94,35.484866748895655
74ad913a-25cd-4f57-9d16-25c05779bf3c,21.937303850066844
76ff2928-f899-408c-96dc-83c8cc6b3eea,15.768101041020127
d99a6890-617e-4512-bfad-1524ee760599,19.477221822795364
73a2df4a-f6a7-4c51-9db3-027502cae286,17.95446509233664
1afebac1-b3ef-41dc-bf87-32109aebd55b,27.012551737614434
0e2add58-5ddf-4eb3-bda6-2ce63d61fa4a,27.383300373739047
57f20844-ea11-4ee9-b8e6-e28e68568744,32.957974623024896
aea93e48-3e8a-4040-aa30-26f73961dd59,14.876585258722159
1a5bde36-9c7a-48fd-b781-edd97498d2d6,31.82458295466019
db46d0c6-bd27-4d42-8939-49fa1af15820,33.87353421222251
0bd9cea5-3ce7-4436-8303-72eef2aaa69b,13.221848006702654
89697ba3-4b7c-4398-ac4b-75912769fb0f,34.230930750447584
e1b7c145-dd8d-432f-bebd-7c61b8dd1d00,17.60905782397785
b2c19397-c18a-4966-accf-5bed12786114,26.266688379816802
a513e003-eea8-4761-9e3b-a71f2094a298,15.97524677237594
67f2dc9d-bb9f-40f9-b77f-dc2e3e43576c,39.86379995127839
84d03f8b-454b-4117-93a1-08123a57f2a9,37.55898967505907
7d1d266f-e365-4b4c-8cce-c145d55f14b6,32.19677225786175
,32.32836907724103
872642e9-7c0b-4d92-8d16-a5f8419c3fff,33.89995529385617
842a6da3-e885-4e86-b64e-578f78af777b,22.047536932691784
4aa302d5-fad0-4ffc-9c1a-4a2cc323d457,34.25239807426473
4332c905-bc65-4daa-8542-7877691a4211,12.643986211267379
7cb65c67-979a-4412-96f0-184646a23f99,38.574277850933
eef7341f-155b-4d02-9e53-a8f2c4ce95a8,23.06749229339878
f498e176-1a31-4af1-8954-2d7f9052f14d,22.303334646843407
c53a2104-8d5e-4323-ad84-5a9db48a4176,24.658083909231916
a7092e39-9cb5-41a6-8974-947959b5c675,29.90507305974253
a1bb2162-7b87-4b10-8241-4bf6e07cdd73,24.01135835492137
e115c665-be43-4a6a-a1a5-b47b2b1e646e,22.73516898571187
d6b5c049-a4a5-4d7d-97f2-192696dd2fb4,15.908715446290959
c5065955-3aea-4918-b7d9-9ccafe2d9475,18.32432075652141
98b43fd6-f071-4b4d-8e3e-3bfd6c1d9973,31.156786237578086
0cb5d557-07ad-4ff1-afa5-50b1434177d2,20.690766493756676
dcd898ad-14ad-433d-b22d-97401862d263,38.232917225131565
8e53ba13-8bd6-484f-aea4-aa2be834905e,30.808051260491663
92be7e5f-f6f5-47ef-8c8e-e2cc6d3bbfea,16.579211462015408
2c8dd833-abf1-4af1-8f3a-699630c56a8c,36.922473560839414
8365f925-99ee-4042-b9ca-aab3a555f838,13.3356724209909
c2276770-1446-49ae-8ddd-3ea39f59111e,26.204290972093148
fb3171da-68b3-4126-8e77-0d15026606c5,27.58761689603787
70def5ae-8771-4517-8886-83a0d47cbcf2,22.100817216546744
c3053312-3b1d-44c0-8de8-7a039cb42622,24.113250947834636
9f43284a-0dee-4dca-adc1-b7aef53e7aa3,19.649627249792417
805b2de1-101e-4d13-b572-65e4f5c5f6ac,14.362204895504817
cb4fcf71-3d6a-4dad-b603-0890fd21d7e4,35.57116413427829
a02f0b2a-0aed-425a-a98d-4d39af7ec2e1,23.455657016253838
6a722f0c-1366-4217-b38e-a70b61c4b191,21.321199446693186
,17.59260656506614
4c2d0c9c-70f1-450b-8eed-94e713a4c6ee,26.768298970864798
089e0427-c2a2-4d57-8244-e281d37a3c78,32.96513069890091
b5a90780-dd23-4471-93d1-a73c6c67a0fb,30.526455574108436
0cd16372-358a-452f-91bc-4c8113e52bc0,21.302551793920774
fcf94fc8-e32b-46ce-a5ea-c5f0bef4fd98,29.693051745677952
10e5e8a2-f19e-41d8-a666-1c110be79f60,14.328687677806496
45347544-7478-42b0-9db4-4b6ecc1cca6f,16.0522621157194
a1e37124-e230-4290-a609-c686b216dbcd,23.523044319734456
35e45001-d805-406c-ac54-98e517ce2fbe,28.33474165730193
df2ad89a-9718-476d-9eb1-dff5d50e90bb,19.9530570239697
a3d29342-b5e9-49ad-8067-06701e2f7037,27.368383903965462
1af2dc62-2994-429e-9c6b-a94f04b51e5b,20.8543876018662
62e565d7-5574-4b63-a5bc-a67b417cae68,26.3897362669056
7b990d18-228f-4e81-9dfe-dd6d25b44270,29.515341146792686
83540473-1a99-49b7-8258-82c5eb738463,31.201446432461065
cede7cf0-1f65-419a-bed0-79631f62d212,20.70632701070989
3483d72f-d6e4-4cb7-b6bc-71161d0741cc,36.88705455994749
1b2885b4-b93c-4c20-a0b3-945faa1a87d6,21.680701436488917
0ff975c3-da8e-44f7-bdda-ed61251324a6,12.000495928798344
c0850611-bb48-4fd3-95e1-7a6fdd7b54a2,23.492462163184136
e7eaeb11-94e2-4da7-9960-d659f16f746f,21.81480225303749
172d451b-a975-40f0-8916-2f4741f95c38,36.99861368269518
4a25f00b-4de3-4285-99ee-4b1f237a3e04,15.119156779416606
f6a0a6f4-6e72-4a4e-a8c6-70deec5aa32a,25.76324638214971
fe18cd1d-d10e-4d3c-bf56-32681a8b8cfd,22.43069424134911
49717e76-b9e0-4f4f-a362-58c27c17df28,28.02411424150524
7b21f911-7fe4-4519-8a05-9bced2845f2f,20.03735149927681
53d00de2-1c9f-4caf-8927-d486aed6ebe3,33.76297285388674
26a31696-85fb-4a96-b780-f894d28d9cfb,16.79230227117231
65a27335-5381-4293-80a1-40a8e8f2bcb2,31.04070087320971
2cae0ffe-62c6-4b81-be4a-98686019cd48,16.4868526554358
5283da84-49a3-4d21-bff9-da67cdccbd9e,24.011550003134733
ff60e32a-af44-45e1-a61d-10747dc3de80,29.72174108582616
38fb5346-d070-4094-8439-13f9599a2081,25.863555885931227
5400e699-1803-43eb-8db6-dde5988c0765,32.76615801083492
3c7c35ab-c079-437e-a716-070f91c21e2a,32.608138919024256
c11d4d4a-f71f-44fc-b258-e52dea6b647e,29.05919168385321
ba2ee567-6287-442a-831a-639752bb962d,33.42588088526239
c1216f0c-50a4-4eec-a833-0aef1be57088,19.866025770453817
909754d0-46d6-4cc5-80e2-af04c604aded,20.21699441220465
68bb1aac-fe46-41f9-a086-9b30a2d93593,26.371692614554487
09501e8e-908c-4c44-b7c2-2c84b0dd8e8a,19.797222971306795
43644768-c26a-4496-84b7-df079477ee3c,20.37206934596625
f5f34ea7-e895-4b78-835e-db05d6c1f30a,30.616361197183924
5f1c9178-f4c4-4f6d-ba33-038d47553c88,26.142100022359834
3dc1021e-1dbb-4a38-9d40-da262af13fba,26.91494227923967
b6edebbd-fc44-453c-8fee-82ff60c458a0,30.079841162651814
a703bbfe-bd8e-465c-96a9-fe0b6811d795,30.95342713604015
eb147705-8fd4-4f2a-9f42-522200d6de01,37.36219601577041
31107a27-304b-4a77-9e19-dee01b63b956,21.128758510648034
d0dd535d-1a99-4b7d-b443-ebcb75c33085,14.160843993440277
80ddce24-eed7-4fc8-a33c-eb7ca52dd0a2,19.410986749716216
8c51900f-2007-426f-bbf5-fcb25f97129a,35.53013000581398
6b5fcf84-0d82-4ec5-b9e6-f939f7f1652f,29.90313482996964
739fa663-2f78-4328-8f0d-a31ddaa75d58,17.173253942245598
7093cb78-44bb-45e2-9a18-9d7584e932d4,17.305820084055068
a30f34d8-df99-407d-9a5f-0dd821c0502f,31.84592460529911
fcf3ce37-36c6-466a-af28-29ca45d6684d,32.19336733537082
4558014e-df5b-4460-8d4d-6d4b1c9652f7,21.49722509997317
23b5c4eb-e4d6-4434-992c-09c8d79c8d2b,17.0535368229981
98dbcd25-a210-4b33-a143-7c788578c434,19.349089875512355
8559a489-a513-4804-9f03-e79cd4620ef3,18.063773089994697
ef519801-715c-4d55-a52f-39a8f1bdc30e,25.222357191082743
39f4f241-4968-4124-8d0e-fc8477442d5c,30.82495419018112
00d0789e-1d26-4970-a58a-d637fdfdad90,35.176228047404926
06ac4b8b-e353-487f-baa8-1198a2c8242f,16.70503623029954
b39be9bd-d640-42bc-9f36-b36da4e69134,16.553980870402576
d2671cda-cb5c-4da4-9023-29b1eef5c7d2,14.010446224850195
ba71294f-67ff-4d10-83d4-7c4bd269ce80,31.93828665800456
dd74c7ea-f688-40b9-9e98-d4944ceb721e,27.609120242832546
1c1e4134-aa5c-4d74-a6b6-8b7fef8e3f0d,22.158360164863787
5ec654ab-aa50-4000-ad03-b5109c13118a,17.737627038628922
1397039e-f4c4-4148-a7af-0c2fed5a3c14,27.65537658088692
f5df2e8f-b5dc-48c8-ae4e-106520efb17d,31.52684149269878
13e60f2b-f722-4c0c-bf03-6bbf06743e38,25.48213651570768
314ff088-e77e-458f-aaa3-29ce1edd204f,14.025874917765291
a6b33153-d3dc-4728-8c14-dbac19ed9d4f,19.000261821757448
81eeeefe-1123-410d-a4fb-e8a4d33bf438,18.553575545294326
f0d33b5c-a332-404c-b99c-dfe0314f4b5e,34.32224178146001
dd3ab0e3-3131-4f71-a49b-2fbab3721164,27.850445049230874
72aee6b1-7d58-4d00-b3ae-adee01bc5f16,18.212716139242
d0f42a49-a76d-4331-948d-d7647cd15f02,17.0163610470411
2e3a0391-925e-467a-adcd-53416a7942f7,31.852852485173322
417b9b9f-dde7-404a-becf-a43a00f6b2b1,35.01606459081512
bfaa8f21-d4f3-4211-8578-851768ac0de2,13.884205150759279
3ec4b214-0844-4cc0-80f7-aed63cd1b883,18.984516119966408
dd359c12-fc0d-4278-9b90-eaaf910b076d,16.895458258842524
fad5d3cf-2399-4fe5-b467-42a28959650e,36.33468394883069
728d9d72-76b1-431b-8c8c-70173e4cc42e,34.20713280050014
801f3ab4-62a5-410b-98ab-435b4d010bdb,16.442330104140893
bf9147a9-ff54-4577-924e-8082d3fc4fcb,24.26303970636547
72adebca-47ec-4fca-9394-1c5a3d6bbfed,20.62576235945332
d8c6ea3d-3e1e-45e1-af37-f767f74c1c12,20.19155469527842
ecf7fb9a-5a01-4d5a-a8e8-c4bf4cc69f28,28.921914890958597
858283e6-823d-4ce5-b6b5-3c90886d1ae5,21.433063544072816
05a88b0f-69ff-48bd-b050-66030ca6b05f,27.654630168991844
df5825e5-99c3-4f3c-b4c8-aca19b755e97,21.91134848792589
1791d35b-fa11-4749-a3f0-1d2830676c68,23.416896116690456
67e7dbe9-000b-4f94-88e2-eaa076e6a96b,29.50063313094453
f5a0a04a-c9fc-4cf5-93ea-811dbbfdf804,37.55443783455772
c367857d-4cf5-4907-aae8-21adfa935a9c,15.851487645208884
a1b7a9cf-1d78-415b-bc9a-5b96def76e08,26.05262429388822
4c910fd0-993d-4941-a8a6-08e51e04971a,27.386212372636187
0373a3b8-507b-44f2-9d94-986f311d8135,22.043233715003545
509a70fb-e00c-4e0a-a49a-ba41332453b2,14.24285378421844
3352b5d5-3f5c-4935-af6f-1e1102a8a86a,36.57523386370914
9cc40b89-2ad4-412c-a58a-0b1d932a1acb,15.277293550344364
203bccf6-b4f8-4ceb-b08b-a97af3e6a4ee,14.151925992692107
9ad9f785-9d31-439c-98ce-0ed9b11da5f8,21.027164658815614
3e8af13e-b676-476e-ba98-69466a18ffbf,29.491392473975132
e480a048-e114-4491-910c-c7eee05c2850,31.93352414680829
298b010b-d7f2-4cee-9efd-627d6ed69c5e,20.28370075374754
1d9db043-5ca8-43eb-92a4-ca5ff087f41d,14.856090035410215
ecc9e2d7-c7d9-42c6-a5f3-71df7aec58e9,15.311540177921106
3eceafd8-5091-46b7-a03e-436540630f9f,15.51202103618613
25c8c09c-26d7-4961-8073-373672e0baef,26.966719987316967
90c21abd-9635-4dba-919a-f4379e4ee3c4,13.529320583381864
063b7f70-1792-4dde-9a87-c77eea4e505b,21.89984049005758
4be7c655-2bbe-40ae-9fa9-13d69b255201,18.506042545090658
a70cca91-2e2f-4f1c-8c08-8e444863ebf6,36.741953801474715
f3e61511-ee64-498b-8ef8-19bed3e8c821,18.477042945372723
a4a82ff2-63b3-4357-8632-6d385b0d6840,22.3896934750239
02c17324-c72c-4dc8-812a-607e46476f23,31.165223716905473
fbc62de2-615e-4202-898a-cb0df6efa7ec,13.754412657659541
d95a03c7-b1a9-4357-adbb-4d4e551a989b,21.265456259824006
1d26f72d-6192-4b9b-bd3c-6f550f6b0676,27.566120144384335
5a8ee0f5-e11e-4440-a8f2-30cb0e92e62e,19.576937191843864
bd93ed34-ecb9-42cc-895b-4b4804ee0987,35.646687271457125
2c8d0b45-8ad5-46ed-a9b7-d0de3ecc94bb,27.16617551185522
5a2a3e76-076c-48ba-981b-8efffc9a9b7e,13.1289137995154
8a54481b-6c5c-4753-a425-c0743593d7d7,26.239680079576587
7f46d9a9-ce64-4458-8f88-00779b068b35,17.054555459292253
37d18e8d-6313-4d5d-af5f-815470f79106,29.50852630629702
f53e4786-3ac4-462d-8d08-bc4b3e4837d5,19.419580245215403
f7a466ab-fd5b-4389-9232-621e4cd39bca,19.56062489062336
07fb91e6-11f9-4307-a8e1-1e71be3ed959,20.2730401472444
8818218e-2685-4253-8e03-c1c05fe9ce5f,39.748239371252296
6043a463-36a3-4c3a-aac7-ccf4691f6f59,31.483229542889763
51488ec4-44e4-4a1a-9264-2ddd16d38204,16.00288296791908
514b80b6-f6c8-43aa-b2eb-5c8e2622b611,20.882599228640828
29b9b530-24f1-4063-bc4f-bc59781ba73e,31.615150820556263
1bfbd0b8-962d-445b-89ad-45124fff4da3,16.76352193918392
e9a0f67f-6918-4e01-873d-c17e1310ff3c,30.712406347108587
1d8d84a8-89c4-44d1-a46b-49477c7b9933,19.640707088181607
9d83a58a-e557-4a2c-b2c5-c400b7c4e75d,11.109860560029361
86dff006-2069-4e85-8135-f6135a84051d,27.589148106558994
712157d4-f056-47be-8fed-65a16f4ffb56,13.685089367002487
e6d1568b-9319-4d7a-ac7b-1948617a3b34,32.33485475466237
afa2bd01-c353-4682-901c-a4d61c75f4ad,18.69391351990684
65a729a1-3b2f-4fcc-a576-d089d9b0cb9d,23.857241329858557
a1ebc81c-9e82-4ef4-8967-5c524c36d835,24.53727219695357
cdbaec9d-5c8c-4ba3-aa9b-16238e489cdd,20.47990687505655
5d5dbf57-a813-4cbb-a28c-7bc83eebae16,29.480750363170387
3f7afb17-fd31-4692-ac38-648877bf2194,40.890140278602004
c240c8ee-2eeb-4763-a679-d652d72f7094,31.780969250709624
5563bf3e-b4c3-4a37-9666-c117310bcbb1,32.80155143428722
369e13d5-cc2b-436b-b195-b194789064ea,35.43085430171635
a388703b-a4bc-4068-a061-bf88d23236a7,27.922443831670417
5b5a8971-eb47-4924-b174-4a0dd2dec9f3,14.51047457217858
e3108cdd-8ad3-45e6-9f05-8442d253050b,24.767604426689825
b3e4ecaa-3759-4c3a-9b7e-6bbb11fe76f7,34.76932222970375
ee6d0864-bf68-4bd0-815e-16d7be8fe0b3,19.761263403066934
42cfcadf-5412-4481-b6e9-269b257eb422,31.944315008999748
7f43088e-3ed4-449a-b2cd-db6b05a32271,14.034586672485908
bb0cacf8-ee54-4e69-be44-07dcd5bad499,30.46634038557805
c8988876-3205-4f8c-8bf6-b4fe9e75b98e,35.72857843198963
10abd567-00fb-45e5-af8e-5431c0813352,24.743925212115577
9b1b70d4-7fac-4e4b-80cf-a6407f3dd761,26.194672855471097
d6d628c2-227a-4368-bbcc-c83fc2066fa2,22.709473180995857
a3138b2e-aeff-44be-ac79-a1b44f19a8ad,35.08586332479827
f4126fc0-6343-4446-8011-d520312d2eab,28.165943402192905
e3e6682a-6b8b-4c62-9a07-9e70fdc91f8d,30.45751610129271
aa68bb0b-4afa-4f07-9b38-4851f87520c7,35.19652058618196
b09e67e2-9f95-4a94-a22b-134983e93374,34.63335337025177
115addc1-b1a1-49a8-b533-e1328abfc078,32.584741633207486
af2ec7c2-4f3f-4a99-b4da-b1201f3c2e33,15.370755085738207
b0a6c60b-491d-42bb-85f0-b6017aedcf70,16.16875496808447
18a7585f-5e47-481f-9721-c71109212662,22.89371532016427
d065834f-2e90-466b-9e66-5f825d516521,35.62313513318498
96f5b2b1-f644-4df1-9bd7-c2a275db8ed3,18.656933799703744
9fd51a8b-4e82-4cf5-bdab-bc813ba5c9b2,13.369402597159823
f2f43a86-ef5f-4624-9730-778a9c68a03c,30.417073391670076
f3fed3fb-2e3d-4786-bb89-bbfe9bf424ca,30.45933357179031
b504c417-c6d7-42ee-96f2-523d68102152,36.59934963728954
6f1b8da4-55de-4675-8636-6ee43d4399b6,26.584107825200903
d152bb4d-9ab0-423e-bd86-10e8d58a9130,32.814739738432166
37e53985-dd62-4660-83c2-1ddc854e38f0,14.620169784901663
9f85e834-8ea8-4861-a8f6-38b18a94dc87,22.673880538669813
aa7ee07a-2063-4fdb-841b-58175ab07753,29.461010019944894
a2fc0438-d95e-4605-b888-74a0bf6ab1a8,20.197903623589006
57994541-6c7d-4d4f-889e-3fe60a9057cd,26.958689081915733
e8676a95-52ca-421d-8374-e74061483956,29.489833511047873
3bf5ace3-3275-41e9-b615-1d8c471e9735,36.1878791135691
e44478d6-0a23-4a82-9d66-04543eb2c6c8,36.39706668081524
261573e4-6dd5-478e-b670-1c9acb670cfe,27.273115982914717
c68a61d7-9b38-4797-bf88-3a95c35fc524,19.007741018542895
32dc38bb-7a89-4a5c-b30f-76ad910a7f98,18.498716483291744
efdaa81c-0975-4286-a7fc-3d14654230f5,26.338086482542842
ab259fb6-500e-40c5-9ff5-13ccdea65a1f,16.617585625050012
643273a9-da7a-4d83-9356-275c8a7697f8,27.569053416585078
50e96d60-39fc-426d-b5a6-0bebf09d6915,20.79594332490514
5fce4dec-6ccd-412b-8b66-6396f9e71c77,13.352650933862382
,36.99861368269518
42cc686c-a32e-4320-b1ef-eb084ba5c7ee,24.805405897542514
130f9015-77c8-42c8-8da8-1689a10e2ac7,36.42482225200285
55a56dc9-2715-47de-af3e-67be678ac1dc,28.954855409650328
7854425e-83a8-43a5-92c0-d45def527a4c,18.778834773493145
c4f8970b-35cf-46af-9c22-58815bbcc3ba,24.301069241410808
4af1b7c2-7411-4aec-979e-0cb2c4fa6cde,34.609392664819296
9a683b4f-4a0e-4eae-9ca7-60cd97965bc7,21.26289404689166
f51df992-76da-402b-ab31-4331e3ec550e,34.4465166247829
3b85069d-b6eb-4296-8d78-591f1be3c009,38.23876919910678
b9809257-6ea3-41db-8cdc-e8ada06d221e,25.03043317163825
6c5926a4-5987-4b43-8b9c-8512d10c01b9,18.65972697581684
cf521aac-b20c-442b-8550-7178c2592b28,31.31855511432682
3e69889a-e06c-4eaa-9d71-ca32e4837027,33.74527129223419
31eda2a2-1a44-418e-afe4-8afac9cdb8a0,29.587777854178047
eab10591-bf74-4681-a0e2-af1007a0e50d,25.767108068208476
17525fc9-b969-4653-adb6-78d8ce79fbf2,22.519937597474648
482cbe95-436f-42da-a15e-bd4f23bb7491,30.9116389742162
2d3d5e7a-5c61-485b-977d-8ba2568688d8,32.90493818922023
685dab3e-b9b4-43ec-85ba-1d49b965fa6e,28.431068932077338
aad21e55-a45f-41f5-bdc3-ac4b71633524,29.20500072201841
c09d86ad-b661-47ad-b5e0-5ffeadddfd7d,22.75170465659697
5d0855b5-500d-40fd-9b9b-a8a8a2415b0f,21.991912352790376
a8890f2f-c07f-41e2-8803-898717121acf,36.53348986833433
7f5b6b91-6dc2-4a00-8f5c-a27fb6e77603,16.53855465364528
ae766f1b-6653-4ee3-ae41-b0483ffff710,32.23705799329124
1f6a5b09-e99a-450f-b402-2b3bfaef571b,33.863893160751545
14d9029f-2f50-4fc7-8121-0e0bf3a25e04,35.47874742899218
0c2d0723-cf99-47ae-9ff3-21975010b0b2,22.36083119975271
f5e5311d-5062-4201-9bff-1c23eda501ce,17.718464498217834
54ec4421-691a-471f-94a9-c5b4bd794de1,18.23873430080404
f8c1a316-69dd-4f80-8942-b95182ba2a5f,22.180862058351813
426f5a12-5a49-4986-aec2-1b4e1387d3a1,18.94059464711684
32026dc1-ca35-4f6b-a05c-74dff936eb30,19.669210583265514
41cbdd83-ab62-4476-9ff2-e15416177447,31.58271306060295
8353f766-d4e6-4b82-a24b-bd6a4711a1d0,31.975860014833074
1ce0e8f8-7920-4788-ace5-5935960a8961,12.668804182383441
db366d54-ee03-4251-b4ca-6998c4fd7631,31.839193636746707
4359cdcb-8f27-4b22-a2d3-783e102aba74,29.49159115811893
73591616-e120-4123-9c32-723b7693e054,31.93817988068959
19990365-6597-4f95-ac25-bef28c9a7be8,28.852382275684505
79d7cefa-ae56-4c94-8bab-565dcb5f4de3,35.684898955450194
81cfbeaf-ef0f-42bb-95d2-dba4539ec42b,25.57271805902785
44bf2372-b70f-4b3c-8c2d-ffa573a099c5,15.261048728305045
cff8cd18-8f8d-4a72-a205-ce6408ccf7e3,22.093073566656834
34ba5d0d-9599-4274-ac8b-d245f5fdc4fc,14.69544036695374
f21861f3-719a-43ff-9073-94d8e069f240,35.93832188861748
1b4b3e08-1005-4721-9b5c-9755c34fd28b,19.786783594948524
6c5f7a73-a6b6-42fb-b7c7-20d0f8a0b689,33.75010388261105
1bd755a0-931e-4788-ae09-3923c1702c31,36.53803964511039
ab0ee3d1-4650-4f04-ba88-0c5738b1c639,17.29881363487457
9d4ec04e-9921-471e-8712-6d949d9cdb1b,39.74865784306624
5ae85b32-199f-4d30-8700-594e57785be0,18.621732760631893
1bf163d2-e49b-444d-b229-159efa17aa03,21.24388415368492
535b4bf8-f576-411d-a0aa-73fa202b2675,26.557394452701608
bebce1f4-226f-4d1f-adf1-29356295a796,23.826773829690673
aab05260-007c-440d-b409-647c29191089,40.95581004751834
