Date,OCC,Company,Data type,Usage,Percentage,Status,Number of meters read,Total number of meters,Raw CCF,Read usage,Update
2021-12-27,Z99,SCG,AUF,43967,100,0,0,0,0,43967,2020-12-28
2021-12-27,Z99,SCG,COM,170015,99,0,176891,179091,1576729,168023,2020-12-28
2021-12-27,Z99,SCG,IND,24347,98,0,14907,15136,221541,24018,2020-12-28
2021-12-27,Z99,SCG,NGV,2773,98,0,217,221,25920,2723,2020-12-28
2021-12-27,Z99,SCG,RES,977588,99,0,5538104,5595109,9524818,967560,2020-12-28
2021-12-27,Z99,SCG,USE,737,100,0,0,0,0,737,2020-12-28
2021-06-24,Z99,SCG,AUF,884,100,0,0,0,0,884,2021-06-25
2021-06-24,Z99,SCG,COM,172216,98,0,176901,180250,1569188,169137,2021-06-25
2021-06-24,Z99,SCG,IND,60100,98,0,14839,15172,533652,58906,2021-06-25
2021-06-24,Z99,SCG,NGV,13977,97,0,209,215,128303,13594,2021-06-25
2021-06-24,Z99,SCG,RES,369660,99,0,5552802,5621019,3548444,365169,2021-06-25
2021-06-24,Z99,SCG,USE,737,100,0,0,0,0,737,2021-06-25
2021-06-23,Z99,SCG,AUF,884,100,0,0,0,0,884,2021-06-25
2021-06-23,Z99,SCG,COM,166968,98,0,177481,180251,1525107,164501,2021-06-25
2021-06-23,Z99,SCG,IND,59801,98,0,14889,15173,532391,58799,2021-06-25
2021-06-23,Z99,SCG,NGV,13980,97,0,209,215,128400,13596,2021-06-25
2021-06-23,Z99,SCG,RES,365656,99,0,5573047,5620896,3522447,362538,2021-06-25
2021-06-23,Z99,SCG,USE,737,100,0,0,0,0,737,2021-06-25
2021-06-22,Z99,SCG,AUF,884,100,0,0,0,0,884,2021-06-25
2021-06-22,Z99,SCG,COM,163340,98,0,177417,180238,1490304,160883,2021-06-25
2021-06-22,Z99,SCG,IND,59538,98,0,14902,15174,530812,58590,2021-06-25
2021-06-22,Z99,SCG,NGV,14425,98,0,210,215,133325,14093,2021-06-25
2021-06-22,Z99,SCG,RES,367097,99,0,5571911,5620473,3535572,363920,2021-06-25
2021-06-22,Z99,SCG,USE,737,100,0,0,0,0,737,2021-06-25
2021-06-21,Z99,SCG,AUF,884,100,0,0,0,0,884,2021-06-25
2021-06-21,Z99,SCG,COM,149279,98,0,177480,180253,1358945,147076,2021-06-25
2021-06-21,Z99,SCG,IND,54334,98,0,14896,15172,484471,53453,2021-06-25
2021-06-21,Z99,SCG,NGV,11016,98,0,210,215,101638,10763,2021-06-25
2021-06-21,Z99,SCG,RES,367738,99,0,5572716,5621230,3541823,364558,2021-06-25
2021-06-21,Z99,SCG,USE,737,100,0,0,0,0,737,2021-06-25
2021-06-20,Z99,SCG,AUF,884,100,1,0,0,0,884,2021-06-25
2021-06-20,Z99,SCG,COM,134137,98,1,177508,180244,1228622,132175,2021-06-25
2021-06-20,Z99,SCG,IND,20684,98,1,14883,15173,184516,20329,2021-06-25
2021-06-20,Z99,SCG,NGV,2486,98,1,209,214,22918,2428,2021-06-25
2021-06-20,Z99,SCG,RES,391606,99,1,5572975,5620767,3774242,388269,2021-06-25
2021-06-20,Z99,SCG,USE,737,100,1,0,0,0,737,2021-06-25
2021-06-19,Z99,SCG,AUF,884,100,1,0,0,0,884,2021-06-24
2021-06-19,Z99,SCG,COM,144920,98,1,177525,180240,1325952,142822,2021-06-24
2021-06-19,Z99,SCG,IND,30635,98,1,14888,15174,273934,30116,2021-06-24
2021-06-19,Z99,SCG,NGV,7064,98,1,209,214,65466,6900,2021-06-24
2021-06-19,Z99,SCG,RES,375032,99,1,5572350,5620139,3613587,371837,2021-06-24
2021-06-19,Z99,SCG,USE,737,100,1,0,0,0,737,2021-06-24
2021-06-18,Z99,SCG,AUF,884,100,1,0,0,0,884,2021-06-23
2021-06-18,Z99,SCG,COM,154725,98,1,177430,180257,1409507,152404,2021-06-23
2021-06-18,Z99,SCG,IND,52821,98,1,14892,15180,471204,51918,2021-06-23
2021-06-18,Z99,SCG,NGV,13591,98,1,209,214,125669,13277,2021-06-23
2021-06-18,Z99,SCG,RES,357806,99,1,5572126,5620417,3446275,354728,2021-06-23
2021-06-18,Z99,SCG,USE,737,100,1,0,0,0,737,2021-06-23
2021-06-17,Z99,SCG,AUF,884,100,0,0,0,0,884,2021-06-22
2021-06-17,Z99,SCG,COM,147012,98,0,177428,180258,1337361,144803,2021-06-22
2021-06-17,Z99,SCG,IND,58074,98,0,14896,15182,517697,57097,2021-06-22
2021-06-17,Z99,SCG,NGV,14936,98,0,209,214,138132,14591,2021-06-22
2021-06-17,Z99,SCG,RES,351773,99,0,5571595,5620286,3388013,348720,2021-06-22
2021-06-17,Z99,SCG,USE,737,100,0,0,0,0,737,2021-06-22
2021-06-16,Z99,SCG,AUF,884,100,1,0,0,0,884,2021-06-21
2021-06-16,Z99,SCG,COM,144268,98,1,177455,180250,1312056,142125,2021-06-21
2021-06-16,Z99,SCG,IND,58074,98,1,14901,15180,518554,57125,2021-06-21
2021-06-16,Z99,SCG,NGV,14626,98,1,209,214,135277,14288,2021-06-21
2021-06-16,Z99,SCG,RES,351334,99,1,5571392,5620310,3384259,348270,2021-06-21
2021-06-16,Z99,SCG,USE,737,100,1,0,0,0,737,2021-06-21
2021-06-15,Z99,SCG,AUF,884,100,1,0,0,0,884,2021-06-20
2021-06-15,Z99,SCG,COM,142642,98,1,177442,180234,1297152,140528,2021-06-20
2021-06-15,Z99,SCG,IND,57332,98,1,14892,15177,512224,56363,2021-06-20
2021-06-15,Z99,SCG,NGV,13824,98,1,209,214,127827,13505,2021-06-20
2021-06-15,Z99,SCG,RES,356340,99,1,5569845,5619639,3432895,353175,2021-06-20
2021-06-15,Z99,SCG,USE,737,100,1,0,0,0,737,2021-06-20
2021-06-14,Z99,SCG,AUF,884,100,1,0,0,0,884,2021-06-19
2021-06-14,Z99,SCG,COM,143204,98,1,177431,180220,1302467,141081,2021-06-19
2021-06-14,Z99,SCG,IND,52997,98,1,14905,15184,473460,52128,2021-06-19
2021-06-14,Z99,SCG,NGV,10316,98,1,209,214,95237,10078,2021-06-19
2021-06-14,Z99,SCG,RES,376114,99,1,5571869,5620360,3624593,372862,2021-06-19
2021-06-14,Z99,SCG,USE,737,100,1,0,0,0,737,2021-06-19
2021-06-13,Z99,SCG,AUF,884,100,1,0,0,0,884,2021-06-18
2021-06-13,Z99,SCG,COM,135364,98,1,177489,180195,1240280,133404,2021-06-18
2021-06-13,Z99,SCG,IND,22380,98,1,14911,15180,201367,22019,2021-06-18
2021-06-13,Z99,SCG,NGV,2655,98,1,209,214,24480,2593,2021-06-18
2021-06-13,Z99,SCG,RES,416319,99,1,5572500,5619892,4015564,412798,2021-06-18
2021-06-13,Z99,SCG,USE,737,100,1,0,0,0,737,2021-06-18
2021-06-12,Z99,SCG,AUF,884,100,1,0,0,0,884,2021-06-17
2021-06-12,Z99,SCG,COM,148910,98,1,177465,180203,1362733,146729,2021-06-17
2021-06-12,Z99,SCG,IND,31513,98,1,14922,15180,283008,31028,2021-06-17
2021-06-12,Z99,SCG,NGV,6447,98,1,209,214,59730,6297,2021-06-17
2021-06-12,Z99,SCG,RES,426744,99,1,5571486,5619328,4116820,423099,2021-06-17
2021-06-12,Z99,SCG,USE,737,100,1,0,0,0,737,2021-06-17
2021-06-11,Z99,SCG,AUF,884,100,1,0,0,0,884,2021-06-16
2021-06-11,Z99,SCG,COM,168486,98,1,177295,180209,1533975,165871,2021-06-16
2021-06-11,Z99,SCG,IND,55811,98,1,14921,15180,499131,54947,2021-06-16
2021-06-11,Z99,SCG,NGV,12573,97,1,207,214,114942,12167,2021-06-16
2021-06-11,Z99,SCG,RES,422450,99,1,5571019,5619409,4073694,418802,2021-06-16
2021-06-11,Z99,SCG,USE,737,100,1,0,0,0,737,2021-06-16
2021-06-10,Z99,SCG,AUF,884,100,1,0,0,0,884,2021-06-15
2021-06-10,Z99,SCG,COM,170811,98,1,177218,180194,1551294,168110,2021-06-15
2021-06-10,Z99,SCG,IND,61395,98,1,14907,15185,548400,60401,2021-06-15
2021-06-10,Z99,SCG,NGV,13514,97,1,207,214,123518,13080,2021-06-15
2021-06-10,Z99,SCG,RES,434658,99,1,5567782,5619167,4189236,430673,2021-06-15
2021-06-10,Z99,SCG,USE,737,100,1,0,0,0,737,2021-06-15
2021-06-09,Z99,SCG,AUF,884,100,1,0,0,0,884,2021-06-14
2021-06-09,Z99,SCG,COM,167095,98,1,177341,180176,1518096,164577,2021-06-14
2021-06-09,Z99,SCG,IND,60661,98,1,14916,15180,541323,59734,2021-06-14
2021-06-09,Z99,SCG,NGV,14024,97,1,208,214,128942,13637,2021-06-14
2021-06-09,Z99,SCG,RES,424089,99,1,5571335,5618996,4088167,420483,2021-06-14
2021-06-09,Z99,SCG,USE,737,100,1,0,0,0,737,2021-06-14
2021-06-08,Z99,SCG,AUF,884,100,1,0,0,0,884,2021-06-13
2021-06-08,Z99,SCG,COM,166713,98,1,177337,180177,1513559,164191,2021-06-13
2021-06-08,Z99,SCG,IND,61094,98,1,14915,15183,545037,60146,2021-06-13
2021-06-08,Z99,SCG,NGV,13907,97,1,208,214,127863,13523,2021-06-13
2021-06-08,Z99,SCG,RES,433808,99,1,5570177,5618250,4182371,430086,2021-06-13
2021-06-08,Z99,SCG,USE,737,100,1,0,0,0,737,2021-06-13
2021-06-07,Z99,SCG,AUF,884,100,1,0,0,0,884,2021-06-12
2021-06-07,Z99,SCG,COM,167088,98,1,177353,180156,1516017,164600,2021-06-12
2021-06-07,Z99,SCG,IND,57414,98,1,14917,15186,512150,56517,2021-06-12
2021-06-07,Z99,SCG,NGV,10967,97,1,207,214,100062,10616,2021-06-12
2021-06-07,Z99,SCG,RES,447746,99,1,5571392,5619059,4314945,443940,2021-06-12
2021-06-07,Z99,SCG,USE,737,100,1,0,0,0,737,2021-06-12
2021-06-06,Z99,SCG,AUF,884,100,1,0,0,0,884,2021-06-11
2021-06-06,Z99,SCG,COM,142478,98,1,177395,180099,1303534,140413,2021-06-11
2021-06-06,Z99,SCG,IND,23585,98,1,14907,15180,212218,23208,2021-06-11
2021-06-06,Z99,SCG,NGV,3533,97,1,208,215,32380,3417,2021-06-11
2021-06-06,Z99,SCG,RES,435049,99,1,5571554,5618611,4194662,431397,2021-06-11
2021-06-06,Z99,SCG,USE,737,100,1,0,0,0,737,2021-06-11
2021-06-05,Z99,SCG,AUF,884,100,1,0,0,0,884,2021-06-10
2021-06-05,Z99,SCG,COM,152562,98,1,177360,180099,1394901,150322,2021-06-10
2021-06-05,Z99,SCG,IND,33850,98,1,14914,15180,304256,33326,2021-06-10
2021-06-05,Z99,SCG,NGV,9039,96,1,207,215,82433,8703,2021-06-10
2021-06-05,Z99,SCG,RES,421743,99,1,5569977,5618080,4065692,418123,2021-06-10
2021-06-05,Z99,SCG,USE,737,100,1,0,0,0,737,2021-06-10
2021-06-04,Z99,SCG,AUF,884,100,1,0,0,0,884,2021-06-09
2021-06-04,Z99,SCG,COM,165941,98,1,177190,180140,1509328,163331,2021-06-09
2021-06-04,Z99,SCG,IND,58034,98,1,14875,15184,516540,56982,2021-06-09
2021-06-04,Z99,SCG,NGV,13478,96,1,206,215,121962,12918,2021-06-09
2021-06-04,Z99,SCG,RES,398003,99,1,5567565,5618570,3832329,394384,2021-06-09
2021-06-04,Z99,SCG,USE,737,100,1,0,0,0,737,2021-06-09
2021-06-03,Z99,SCG,AUF,884,100,1,0,0,0,884,2021-06-08
2021-06-03,Z99,SCG,COM,161888,98,1,177324,180162,1471810,159449,2021-06-08
2021-06-03,Z99,SCG,IND,61600,98,1,14896,15188,548964,60551,2021-06-08
2021-06-03,Z99,SCG,NGV,14962,97,1,208,215,137008,14477,2021-06-08
2021-06-03,Z99,SCG,RES,400993,99,1,5570079,5618741,3861853,397515,2021-06-08
2021-06-03,Z99,SCG,USE,737,100,1,0,0,0,737,2021-06-08
2021-06-02,Z99,SCG,AUF,884,100,1,0,0,0,884,2021-06-07
2021-06-02,Z99,SCG,COM,161325,98,1,177285,180126,1466524,158894,2021-06-07
2021-06-02,Z99,SCG,IND,61243,98,1,14904,15190,545940,60223,2021-06-07
2021-06-02,Z99,SCG,NGV,14197,97,1,208,215,129757,13737,2021-06-07
2021-06-02,Z99,SCG,RES,407252,99,1,5568703,5618175,3921513,403660,2021-06-07
2021-06-02,Z99,SCG,USE,737,100,1,0,0,0,737,2021-06-07
2021-06-01,Z99,SCG,AUF,884,100,1,0,0,0,884,2021-06-06
2021-06-01,Z99,SCG,COM,157269,98,1,177361,180184,1428935,154910,2021-06-06
2021-06-01,Z99,SCG,IND,55589,98,1,14906,15192,496212,54658,2021-06-06
2021-06-01,Z99,SCG,NGV,11605,96,1,207,215,105541,11174,2021-06-06
2021-06-01,Z99,SCG,RES,411667,99,1,5571041,5620509,3964854,408037,2021-06-06
2021-06-01,Z99,SCG,USE,737,100,1,0,0,0,737,2021-06-06
2021-05-31,Z99,SCG,AUF,884,100,1,0,0,0,884,2021-06-03
2021-05-31,Z99,SCG,COM,142807,98,1,177384,180206,1299975,140670,2021-06-03
2021-05-31,Z99,SCG,IND,22970,98,1,14921,15194,206164,22602,2021-06-03
2021-05-31,Z99,SCG,NGV,3278,94,1,206,218,29184,3092,2021-06-03
2021-05-31,Z99,SCG,RES,488425,99,1,5571343,5620117,4711630,484172,2021-06-03
2021-05-31,Z99,SCG,USE,737,100,1,0,0,0,737,2021-06-03
2021-05-30,Z99,SCG,AUF,884,100,1,0,0,0,884,2021-06-03
2021-05-30,Z99,SCG,COM,143687,98,1,177423,180203,1312640,141560,2021-06-03
2021-05-30,Z99,SCG,IND,19031,98,1,14902,15194,170413,18701,2021-06-03
2021-05-30,Z99,SCG,NGV,2578,95,1,207,218,22998,2444,2021-06-03
2021-05-30,Z99,SCG,RES,477069,99,1,5571579,5619790,4596325,472963,2021-06-03
2021-05-30,Z99,SCG,USE,737,100,1,0,0,0,737,2021-06-03
2021-05-29,Z99,SCG,AUF,884,100,1,0,0,0,884,2021-06-03
2021-05-29,Z99,SCG,COM,157840,98,1,177402,180204,1439859,155486,2021-06-03
2021-05-29,Z99,SCG,IND,27445,98,1,14912,15192,245337,26990,2021-06-03
2021-05-29,Z99,SCG,NGV,6383,94,1,205,218,56560,5994,2021-06-03
2021-05-29,Z99,SCG,RES,474618,99,1,5571264,5619058,4571938,470569,2021-06-03
2021-05-29,Z99,SCG,USE,737,100,1,0,0,0,737,2021-06-03
2021-05-28,Z99,SCG,AUF,884,100,1,0,0,0,884,2021-06-02
2021-05-28,Z99,SCG,COM,173190,98,1,177371,180220,1573221,170566,2021-06-02
2021-05-28,Z99,SCG,IND,53474,98,1,14912,15190,475443,52601,2021-06-02
2021-05-28,Z99,SCG,NGV,13133,94,1,204,218,115351,12252,2021-06-02
2021-05-28,Z99,SCG,RES,436031,99,1,5571265,5619740,4197270,432258,2021-06-02
2021-05-28,Z99,SCG,USE,737,100,1,0,0,0,737,2021-06-02
2021-05-27,Z99,SCG,AUF,884,100,1,0,0,0,884,2021-06-01
2021-05-27,Z99,SCG,COM,166926,98,1,177379,180219,1514508,164409,2021-06-01
2021-05-27,Z99,SCG,IND,61636,98,1,14897,15189,548904,60571,2021-06-01
2021-05-27,Z99,SCG,NGV,14151,94,1,205,218,125197,13290,2021-06-01
2021-05-27,Z99,SCG,RES,420729,99,1,5570359,5619531,4048155,417037,2021-06-01
2021-05-27,Z99,SCG,USE,737,100,1,0,0,0,737,2021-06-01
2021-05-26,Z99,SCG,AUF,884,100,1,0,0,0,884,2021-05-31
2021-05-26,Z99,SCG,COM,160646,98,1,177060,180197,1455263,157971,2021-05-31
2021-05-26,Z99,SCG,IND,61644,98,1,14866,15188,548089,60464,2021-05-31
2021-05-26,Z99,SCG,NGV,14395,94,1,206,218,128078,13583,2021-05-31
2021-05-26,Z99,SCG,RES,409180,99,1,5560457,5619388,3929899,404877,2021-05-31
2021-05-26,Z99,SCG,USE,737,100,1,0,0,0,737,2021-05-31
2021-05-25,Z99,SCG,AUF,884,100,1,0,0,0,884,2021-05-30
2021-05-25,Z99,SCG,COM,159996,98,1,177159,180168,1451178,157435,2021-05-30
2021-05-25,Z99,SCG,IND,59196,98,1,14885,15188,527382,58128,2021-05-30
2021-05-25,Z99,SCG,NGV,13804,94,1,205,218,122101,12964,2021-05-30
2021-05-25,Z99,SCG,RES,409568,99,1,5565007,5618901,3939008,405628,2021-05-30
2021-05-25,Z99,SCG,USE,737,100,1,0,0,0,737,2021-05-30
2021-05-24,Z99,SCG,AUF,884,100,1,0,0,0,884,2021-05-29
2021-05-24,Z99,SCG,COM,167133,98,1,177289,180166,1516614,164576,2021-05-29
2021-05-24,Z99,SCG,IND,56467,98,1,14890,15193,503044,55447,2021-05-29
2021-05-24,Z99,SCG,NGV,10780,94,1,206,218,95813,10172,2021-05-29
2021-05-24,Z99,SCG,RES,459511,99,1,5569081,5619542,4424501,455372,2021-05-29
2021-05-24,Z99,SCG,USE,737,100,1,0,0,0,737,2021-05-29
2021-05-23,Z99,SCG,AUF,884,100,1,0,0,0,884,2021-05-28
2021-05-23,Z99,SCG,COM,162400,98,1,177336,180141,1484617,159966,2021-05-28
2021-05-23,Z99,SCG,IND,24968,98,1,14915,15191,224124,24557,2021-05-28
2021-05-23,Z99,SCG,NGV,2814,94,1,204,218,24663,2626,2021-05-28
2021-05-23,Z99,SCG,RES,541296,99,1,5570573,5618975,5220906,536614,2021-05-28
2021-05-23,Z99,SCG,USE,737,100,1,0,0,0,737,2021-05-28
2021-05-22,Z99,SCG,AUF,884,100,1,0,0,0,884,2021-05-27
2021-05-22,Z99,SCG,COM,179899,98,1,177233,180136,1641372,177111,2021-05-27
2021-05-22,Z99,SCG,IND,35265,98,1,14914,15191,316213,34687,2021-05-27
2021-05-22,Z99,SCG,NGV,6906,94,1,205,218,61081,6472,2021-05-27
2021-05-22,Z99,SCG,RES,555034,99,1,5568242,5618391,5355268,550056,2021-05-27
2021-05-22,Z99,SCG,USE,737,100,1,0,0,0,737,2021-05-27
2021-05-21,Z99,SCG,AUF,884,100,1,0,0,0,884,2021-05-26
2021-05-21,Z99,SCG,COM,199918,98,1,177221,180152,1815535,196799,2021-05-26
2021-05-21,Z99,SCG,IND,59277,98,1,14900,15195,527735,58236,2021-05-26
2021-05-21,Z99,SCG,NGV,14140,94,1,206,218,125737,13342,2021-05-26
2021-05-21,Z99,SCG,RES,515085,99,1,5570167,5618769,4967292,510609,2021-05-26
2021-05-21,Z99,SCG,USE,737,100,1,0,0,0,737,2021-05-26
2021-05-20,Z99,SCG,AUF,884,100,1,0,0,0,884,2021-05-25
2021-05-20,Z99,SCG,COM,187075,98,1,177281,180148,1698455,184224,2021-05-25
2021-05-20,Z99,SCG,IND,62678,98,1,14913,15196,558530,61645,2021-05-25
2021-05-20,Z99,SCG,NGV,15085,94,1,206,218,134259,14233,2021-05-25
2021-05-20,Z99,SCG,RES,464598,99,1,5569433,5618621,4472502,460519,2021-05-25
2021-05-20,Z99,SCG,USE,737,100,1,0,0,0,737,2021-05-25
2021-05-19,Z99,SCG,AUF,884,100,1,0,0,0,884,2021-05-24
2021-05-19,Z99,SCG,COM,178473,98,1,177200,180154,1619040,175679,2021-05-24
2021-05-19,Z99,SCG,IND,61426,98,1,14898,15194,546916,60360,2021-05-24
2021-05-19,Z99,SCG,NGV,14132,95,1,207,218,126290,13400,2021-05-24
2021-05-19,Z99,SCG,RES,449057,99,1,5568913,5618539,4320626,445081,2021-05-24
2021-05-19,Z99,SCG,USE,737,100,1,0,0,0,737,2021-05-24
2021-05-18,Z99,SCG,AUF,884,100,1,0,0,0,884,2021-05-23
2021-05-18,Z99,SCG,COM,178869,98,1,177189,180120,1621792,176089,2021-05-23
2021-05-18,Z99,SCG,IND,61049,98,1,14894,15197,542897,59956,2021-05-23
2021-05-18,Z99,SCG,NGV,14341,95,1,207,218,128174,13598,2021-05-23
2021-05-18,Z99,SCG,RES,464843,99,1,5568158,5617908,4473974,460715,2021-05-23
2021-05-18,Z99,SCG,USE,737,100,1,0,0,0,737,2021-05-23
2021-05-17,Z99,SCG,AUF,884,100,1,0,0,0,884,2021-05-22
2021-05-17,Z99,SCG,COM,186112,98,1,177189,180128,1687529,183207,2021-05-22
2021-05-17,Z99,SCG,IND,56849,98,1,14894,15199,505666,55828,2021-05-22
2021-05-17,Z99,SCG,NGV,10914,94,1,206,218,96960,10298,2021-05-22
2021-05-17,Z99,SCG,RES,518739,99,1,5569723,5618808,4998158,514189,2021-05-22
2021-05-17,Z99,SCG,USE,737,100,1,0,0,0,737,2021-05-22
2021-05-16,Z99,SCG,AUF,884,100,1,0,0,0,884,2021-05-21
2021-05-16,Z99,SCG,COM,167940,98,1,177284,180111,1534256,165403,2021-05-21
2021-05-16,Z99,SCG,IND,24265,98,1,14920,15196,217743,23868,2021-05-21
2021-05-16,Z99,SCG,NGV,2879,95,1,207,218,25710,2730,2021-05-21
2021-05-16,Z99,SCG,RES,549132,99,1,5570312,5618336,5294622,544421,2021-05-21
2021-05-16,Z99,SCG,USE,737,100,1,0,0,0,737,2021-05-21
2021-05-15,Z99,SCG,AUF,884,100,1,0,0,0,884,2021-05-20
2021-05-15,Z99,SCG,COM,172522,98,1,177288,180100,1575939,169924,2021-05-20
2021-05-15,Z99,SCG,IND,33407,98,1,14918,15197,299330,32849,2021-05-20
2021-05-15,Z99,SCG,NGV,6854,95,1,207,218,61295,6498,2021-05-20
2021-05-15,Z99,SCG,RES,483118,99,1,5569381,5617347,4651828,478982,2021-05-20
2021-05-15,Z99,SCG,USE,737,100,1,0,0,0,737,2021-05-20
2021-05-14,Z99,SCG,AUF,884,100,1,0,0,0,884,2021-05-19
2021-05-14,Z99,SCG,COM,186016,98,1,177254,180121,1691159,183170,2021-05-19
2021-05-14,Z99,SCG,IND,56169,98,1,14916,15199,500470,55236,2021-05-19
2021-05-14,Z99,SCG,NGV,14313,95,1,207,218,128008,13568,2021-05-19
2021-05-14,Z99,SCG,RES,446776,99,1,5569587,5617580,4298691,442952,2021-05-19
2021-05-14,Z99,SCG,USE,737,100,1,0,0,0,737,2021-05-19
2021-05-13,Z99,SCG,AUF,884,100,1,0,0,0,884,2021-05-18
2021-05-13,Z99,SCG,COM,179393,98,1,177243,180126,1626756,176647,2021-05-18
2021-05-13,Z99,SCG,IND,59538,98,1,14925,15201,529389,58574,2021-05-18
2021-05-13,Z99,SCG,NGV,15391,96,1,209,218,138998,14736,2021-05-18
2021-05-13,Z99,SCG,RES,441953,99,1,5569267,5617343,4250911,438164,2021-05-18
2021-05-13,Z99,SCG,USE,737,100,1,0,0,0,737,2021-05-18
2021-05-12,Z99,SCG,AUF,884,100,1,0,0,0,884,2021-05-17
2021-05-12,Z99,SCG,COM,173919,98,1,177249,180111,1577647,171282,2021-05-17
2021-05-12,Z99,SCG,IND,59232,98,1,14923,15201,526849,58258,2021-05-17
2021-05-12,Z99,SCG,NGV,14574,94,1,206,218,129408,13730,2021-05-17
2021-05-12,Z99,SCG,RES,436042,99,1,5568966,5617150,4195287,432294,2021-05-17
2021-05-12,Z99,SCG,USE,737,100,1,0,0,0,737,2021-05-17
2021-05-11,Z99,SCG,AUF,884,100,1,0,0,0,884,2021-05-16
2021-05-11,Z99,SCG,COM,176350,98,1,177215,180088,1598744,173662,2021-05-16
2021-05-11,Z99,SCG,IND,59939,98,1,14922,15200,533273,58967,2021-05-16
2021-05-11,Z99,SCG,NGV,15075,94,1,206,218,133788,14203,2021-05-16
2021-05-11,Z99,SCG,RES,458454,99,1,5568011,5616419,4412079,454493,2021-05-16
2021-05-11,Z99,SCG,USE,737,100,1,0,0,0,737,2021-05-16
2021-05-10,Z99,SCG,AUF,884,100,1,0,0,0,884,2021-05-15
2021-05-10,Z99,SCG,COM,172967,98,1,177147,180089,1570029,170261,2021-05-15
2021-05-10,Z99,SCG,IND,55696,98,1,14930,15198,496146,54822,2021-05-15
2021-05-10,Z99,SCG,NGV,10820,95,1,208,218,97077,10312,2021-05-15
2021-05-10,Z99,SCG,RES,457555,99,1,5568357,5616812,4402908,453599,2021-05-15
2021-05-10,Z99,SCG,USE,737,100,1,0,0,0,737,2021-05-15
2021-05-09,Z99,SCG,AUF,884,100,1,0,0,0,884,2021-05-14
2021-05-09,Z99,SCG,COM,155113,98,1,177335,180080,1421588,152831,2021-05-14
2021-05-09,Z99,SCG,IND,22139,98,1,14934,15196,199003,21793,2021-05-14
2021-05-09,Z99,SCG,NGV,2719,96,1,208,217,24500,2603,2021-05-14
2021-05-09,Z99,SCG,RES,487870,99,1,5569719,5616231,4701155,483818,2021-05-14
2021-05-09,Z99,SCG,USE,737,100,1,0,0,0,737,2021-05-14
2021-05-08,Z99,SCG,AUF,884,100,1,0,0,0,884,2021-05-13
2021-05-08,Z99,SCG,COM,167205,98,1,177361,180085,1529419,164775,2021-05-13
2021-05-08,Z99,SCG,IND,32220,98,1,14931,15197,289247,31712,2021-05-13
2021-05-08,Z99,SCG,NGV,6857,95,1,207,217,61740,6532,2021-05-13
2021-05-08,Z99,SCG,RES,479786,99,1,5569278,5615777,4622714,475803,2021-05-13
2021-05-08,Z99,SCG,USE,737,100,1,0,0,0,737,2021-05-13
2021-05-07,Z99,SCG,AUF,884,100,1,0,0,0,884,2021-05-12
2021-05-07,Z99,SCG,COM,185190,98,1,177283,180086,1684515,182429,2021-05-12
2021-05-07,Z99,SCG,IND,57156,98,1,14929,15197,509982,56252,2021-05-12
2021-05-07,Z99,SCG,NGV,14496,96,1,208,217,130861,13877,2021-05-12
2021-05-07,Z99,SCG,RES,447174,99,1,5568971,5615984,4303894,443422,2021-05-12
2021-05-07,Z99,SCG,USE,737,100,1,0,0,0,737,2021-05-12
2021-05-06,Z99,SCG,AUF,884,100,1,0,0,0,884,2021-05-11
2021-05-06,Z99,SCG,COM,174462,98,1,177358,180085,1586410,171932,2021-05-11
2021-05-06,Z99,SCG,IND,59357,98,1,14921,15199,528392,58391,2021-05-11
2021-05-06,Z99,SCG,NGV,15586,96,1,208,217,140752,14920,2021-05-11
2021-05-06,Z99,SCG,RES,430913,99,1,5568507,5615868,4146290,427268,2021-05-11
2021-05-06,Z99,SCG,USE,737,100,1,0,0,0,737,2021-05-11
2021-05-05,Z99,SCG,AUF,884,100,1,0,0,0,884,2021-05-10
2021-05-05,Z99,SCG,COM,167770,98,1,177353,180084,1526274,165334,2021-05-10
2021-05-05,Z99,SCG,IND,60253,98,1,14929,15203,536072,59281,2021-05-10
2021-05-05,Z99,SCG,NGV,14337,95,1,207,217,128767,13661,2021-05-10
2021-05-05,Z99,SCG,RES,422833,99,1,5568052,5615974,4069549,419213,2021-05-10
2021-05-05,Z99,SCG,USE,737,100,1,0,0,0,737,2021-05-10
2021-05-04,Z99,SCG,AUF,884,100,1,0,0,0,884,2021-05-09
2021-05-04,Z99,SCG,COM,168235,98,1,177221,180038,1527938,165713,2021-05-09
2021-05-04,Z99,SCG,IND,59658,98,1,14923,15199,531595,58681,2021-05-09
2021-05-04,Z99,SCG,NGV,14136,95,1,207,217,126967,13469,2021-05-09
2021-05-04,Z99,SCG,RES,435712,99,1,5565722,5615177,4193803,431861,2021-05-09
2021-05-04,Z99,SCG,USE,737,100,1,0,0,0,737,2021-05-09
2021-05-03,Z99,SCG,AUF,884,100,1,0,0,0,884,2021-05-08
2021-05-03,Z99,SCG,COM,171908,99,1,177333,180022,1562320,169453,2021-05-08
2021-05-03,Z99,SCG,IND,55937,98,1,14920,15194,498021,55034,2021-05-08
2021-05-03,Z99,SCG,NGV,11554,95,1,207,218,103253,10958,2021-05-08
2021-05-03,Z99,SCG,RES,467531,99,1,5569857,5616805,4503534,463608,2021-05-08
2021-05-03,Z99,SCG,USE,737,100,1,0,0,0,737,2021-05-08
2021-05-02,Z99,SCG,AUF,884,100,1,0,0,0,884,2021-05-07
2021-05-02,Z99,SCG,COM,158955,99,1,177330,179967,1453832,156720,2021-05-07
2021-05-02,Z99,SCG,IND,23646,98,1,14917,15186,212265,23266,2021-05-07
2021-05-02,Z99,SCG,NGV,2801,97,1,208,215,25513,2705,2021-05-07
2021-05-02,Z99,SCG,RES,499414,99,1,5570300,5616068,4812920,495330,2021-05-07
2021-05-02,Z99,SCG,USE,737,100,1,0,0,0,737,2021-05-07
2021-05-01,Z99,SCG,AUF,884,100,1,0,0,0,884,2021-05-06
2021-05-01,Z99,SCG,COM,161578,99,1,177271,179928,1478378,159284,2021-05-06
2021-05-01,Z99,SCG,IND,31723,98,1,14919,15185,284669,31220,2021-05-06
2021-05-01,Z99,SCG,NGV,7643,96,1,207,215,69340,7331,2021-05-06
2021-05-01,Z99,SCG,RES,470999,99,1,5567458,5613607,4538221,467114,2021-05-06
2021-05-01,Z99,SCG,USE,737,100,1,0,0,0,737,2021-05-06
2021-04-30,Z99,SCG,AUF,28705,100,1,0,0,0,28705,2021-05-05
2021-04-30,Z99,SCG,COM,168720,98,1,177253,180035,1538328,166223,2021-05-05
2021-04-30,Z99,SCG,IND,54286,98,1,14921,15198,484173,53391,2021-05-05
2021-04-30,Z99,SCG,NGV,14142,96,1,207,215,128051,13567,2021-05-05
2021-04-30,Z99,SCG,RES,440177,99,1,5567574,5616444,4239370,436334,2021-05-05
2021-04-30,Z99,SCG,USE,737,100,1,0,0,0,737,2021-05-05
2021-04-29,Z99,SCG,AUF,28705,100,1,0,0,0,28705,2021-05-04
2021-04-29,Z99,SCG,COM,172820,98,1,177172,180041,1570559,170188,2021-05-04
2021-04-29,Z99,SCG,IND,60089,98,1,14925,15198,535735,59108,2021-05-04
2021-04-29,Z99,SCG,NGV,13942,95,1,208,218,125155,13288,2021-05-04
2021-04-29,Z99,SCG,RES,466539,99,1,5567275,5616456,4495304,462439,2021-05-04
2021-04-29,Z99,SCG,USE,737,100,1,0,0,0,737,2021-05-04
2021-04-28,Z99,SCG,AUF,28705,100,1,0,0,0,28705,2021-05-03
2021-04-28,Z99,SCG,COM,192815,98,1,177187,180021,1744135,189917,2021-05-03
2021-04-28,Z99,SCG,IND,63151,98,1,14921,15197,560297,62116,2021-05-03
2021-04-28,Z99,SCG,NGV,14283,96,1,209,218,128555,13675,2021-05-03
2021-04-28,Z99,SCG,RES,580182,99,1,5567934,5616457,5579781,575144,2021-05-03
2021-04-28,Z99,SCG,USE,737,100,1,0,0,0,737,2021-05-03
2021-04-27,Z99,SCG,AUF,28705,100,1,0,0,0,28705,2021-05-02
2021-04-27,Z99,SCG,COM,209171,98,1,177229,179999,1890655,206093,2021-05-02
2021-04-27,Z99,SCG,IND,65042,98,1,14900,15197,577030,63879,2021-05-02
2021-04-27,Z99,SCG,NGV,14480,95,1,208,218,129505,13800,2021-05-02
2021-04-27,Z99,SCG,RES,649368,99,1,5568808,5615821,6254647,643899,2021-05-02
2021-04-27,Z99,SCG,USE,737,100,1,0,0,0,737,2021-05-02
2021-04-26,Z99,SCG,AUF,28705,100,1,0,0,0,28705,2021-05-01
2021-04-26,Z99,SCG,COM,208823,98,1,177232,180028,1887521,205719,2021-05-01
2021-04-26,Z99,SCG,IND,59385,98,1,14910,15196,526743,58379,2021-05-01
2021-04-26,Z99,SCG,NGV,11326,95,1,207,217,101211,10792,2021-05-01
2021-04-26,Z99,SCG,RES,647248,99,1,5569871,5616520,6232592,641841,2021-05-01
2021-04-26,Z99,SCG,USE,737,100,1,0,0,0,737,2021-05-01
2021-04-25,Z99,SCG,AUF,28705,100,1,0,0,0,28705,2021-04-30
2021-04-25,Z99,SCG,COM,175140,98,1,177272,180002,1595477,172578,2021-04-30
2021-04-25,Z99,SCG,IND,25575,98,1,14907,15193,229267,25131,2021-04-30
2021-04-25,Z99,SCG,NGV,2664,96,1,208,217,23938,2550,2021-04-30
2021-04-25,Z99,SCG,RES,620484,99,1,5569304,5615771,5963999,615334,2021-04-30
2021-04-25,Z99,SCG,USE,737,100,1,0,0,0,737,2021-04-30
2021-04-24,Z99,SCG,AUF,28705,100,1,0,0,0,28705,2021-04-29
2021-04-24,Z99,SCG,COM,182777,98,1,177196,179995,1662308,180042,2021-04-29
2021-04-24,Z99,SCG,IND,36022,98,1,14910,15192,321199,35410,2021-04-29
2021-04-24,Z99,SCG,NGV,6510,95,1,207,217,58314,6203,2021-04-29
2021-04-24,Z99,SCG,RES,593875,99,1,5568103,5615201,5705678,588880,2021-04-29
2021-04-24,Z99,SCG,USE,737,100,1,0,0,0,737,2021-04-29
2021-04-23,Z99,SCG,AUF,28705,100,1,0,0,0,28705,2021-04-28
2021-04-23,Z99,SCG,COM,211217,98,1,177067,180028,1909664,207891,2021-04-28
2021-04-23,Z99,SCG,IND,59297,98,1,14901,15194,526184,58249,2021-04-28
2021-04-23,Z99,SCG,NGV,13482,95,1,207,217,120516,12847,2021-04-28
2021-04-23,Z99,SCG,RES,607408,99,1,5567059,5615646,5835048,602134,2021-04-28
2021-04-23,Z99,SCG,USE,737,100,1,0,0,0,737,2021-04-28
2021-04-22,Z99,SCG,AUF,28705,100,1,0,0,0,28705,2021-04-27
2021-04-22,Z99,SCG,COM,209324,98,1,176996,180033,1887420,205949,2021-04-27
2021-04-22,Z99,SCG,IND,64484,98,1,14899,15199,571349,63329,2021-04-27
2021-04-22,Z99,SCG,NGV,14306,95,1,207,217,127869,13632,2021-04-27
2021-04-22,Z99,SCG,RES,621723,99,1,5565948,5615425,5974853,616223,2021-04-27
2021-04-22,Z99,SCG,USE,737,100,1,0,0,0,737,2021-04-27
2021-04-21,Z99,SCG,AUF,28705,100,1,0,0,0,28705,2021-04-26
2021-04-21,Z99,SCG,COM,201207,98,1,176670,180026,1811360,197607,2021-04-26
2021-04-21,Z99,SCG,IND,63496,98,1,14845,15203,560467,62118,2021-04-26
2021-04-21,Z99,SCG,NGV,15291,95,1,207,217,136685,14571,2021-04-26
2021-04-21,Z99,SCG,RES,555522,99,1,5553694,5614609,5323566,549477,2021-04-26
2021-04-21,Z99,SCG,USE,737,100,1,0,0,0,737,2021-04-26
2021-04-20,Z99,SCG,AUF,28705,100,1,0,0,0,28705,2021-04-25
2021-04-20,Z99,SCG,COM,180952,98,1,177030,180043,1632605,178050,2021-04-25
2021-04-20,Z99,SCG,IND,60839,98,1,14900,15203,538624,59738,2021-04-25
2021-04-20,Z99,SCG,NGV,15039,95,1,207,217,134371,14330,2021-04-25
2021-04-20,Z99,SCG,RES,477036,99,1,5565750,5615141,4573001,472833,2021-04-25
2021-04-20,Z99,SCG,USE,737,100,1,0,0,0,737,2021-04-25
2021-04-19,Z99,SCG,AUF,28705,100,1,0,0,0,28705,2021-04-24
2021-04-19,Z99,SCG,COM,171787,98,1,177077,180083,1552278,169046,2021-04-24
2021-04-19,Z99,SCG,IND,55334,98,1,14901,15204,490041,54331,2021-04-24
2021-04-19,Z99,SCG,NGV,10356,95,1,206,217,91953,9803,2021-04-24
2021-04-19,Z99,SCG,RES,479097,99,1,5564479,5614784,4595603,474797,2021-04-24
2021-04-19,Z99,SCG,USE,737,100,1,0,0,0,737,2021-04-24
2021-04-18,Z99,SCG,AUF,28705,100,1,0,0,0,28705,2021-04-23
2021-04-18,Z99,SCG,COM,159447,98,1,177031,180083,1453005,156844,2021-04-23
2021-04-18,Z99,SCG,IND,24500,98,1,14897,15203,218618,24046,2021-04-23
2021-04-18,Z99,SCG,NGV,2762,95,1,207,217,24704,2632,2021-04-23
2021-04-18,Z99,SCG,RES,556269,99,1,5562670,5614212,5338979,551148,2021-04-23
2021-04-18,Z99,SCG,USE,737,100,1,0,0,0,737,2021-04-23
2021-04-17,Z99,SCG,AUF,28705,100,1,0,0,0,28705,2021-04-22
2021-04-17,Z99,SCG,COM,179832,98,1,177153,180107,1635553,176994,2021-04-22
2021-04-17,Z99,SCG,IND,34083,98,1,14900,15202,303040,33460,2021-04-22
2021-04-17,Z99,SCG,NGV,6748,95,1,207,217,60390,6429,2021-04-22
2021-04-17,Z99,SCG,RES,591039,99,1,5565197,5614312,5676827,585851,2021-04-22
2021-04-17,Z99,SCG,USE,737,100,1,0,0,0,737,2021-04-22
2021-04-16,Z99,SCG,AUF,28705,100,1,0,0,0,28705,2021-04-21
2021-04-16,Z99,SCG,COM,210051,98,1,176938,180038,1898512,206581,2021-04-21
2021-04-16,Z99,SCG,IND,59736,98,1,14889,15203,529081,58601,2021-04-21
2021-04-16,Z99,SCG,NGV,14412,96,1,208,217,129638,13796,2021-04-21
2021-04-16,Z99,SCG,RES,608855,99,1,5562479,5614017,5845871,603247,2021-04-21
2021-04-16,Z99,SCG,USE,737,100,1,0,0,0,737,2021-04-21
2021-04-15,Z99,SCG,AUF,28705,100,1,0,0,0,28705,2021-04-20
2021-04-15,Z99,SCG,COM,218704,98,1,176955,180028,1973713,215133,2021-04-20
2021-04-15,Z99,SCG,IND,63776,98,1,14892,15203,564044,62575,2021-04-20
2021-04-15,Z99,SCG,NGV,14461,95,1,206,217,128632,13713,2021-04-20
2021-04-15,Z99,SCG,RES,673822,99,1,5563928,5613937,6474389,667795,2021-04-20
2021-04-15,Z99,SCG,USE,737,100,1,0,0,0,737,2021-04-20
2021-04-14,Z99,SCG,AUF,28705,100,1,0,0,0,28705,2021-04-19
2021-04-14,Z99,SCG,COM,211597,98,1,176849,180000,1908173,208057,2021-04-19
2021-04-14,Z99,SCG,IND,65165,98,1,14872,15204,576007,63863,2021-04-19
2021-04-14,Z99,SCG,NGV,14572,95,1,206,217,129725,13817,2021-04-19
2021-04-14,Z99,SCG,RES,647959,99,1,5559980,5613370,6224150,641769,2021-04-19
2021-04-14,Z99,SCG,USE,737,100,1,0,0,0,737,2021-04-19
2021-04-13,Z99,SCG,AUF,28705,100,1,0,0,0,28705,2021-04-18
2021-04-13,Z99,SCG,COM,203768,98,1,177019,180016,1837693,200527,2021-04-18
2021-04-13,Z99,SCG,IND,63093,98,1,14899,15203,558596,61954,2021-04-18
2021-04-13,Z99,SCG,NGV,14629,95,1,207,217,130776,13939,2021-04-18
2021-04-13,Z99,SCG,RES,597873,99,1,5565152,5613840,5738346,592673,2021-04-18
2021-04-13,Z99,SCG,USE,737,100,1,0,0,0,737,2021-04-18
2021-04-12,Z99,SCG,AUF,28705,100,1,0,0,0,28705,2021-04-17
2021-04-12,Z99,SCG,COM,191214,98,1,177077,179989,1729582,188250,2021-04-17
2021-04-12,Z99,SCG,IND,56682,98,1,14899,15199,502184,55662,2021-04-17
2021-04-12,Z99,SCG,NGV,11064,95,1,207,217,98816,10542,2021-04-17
2021-04-12,Z99,SCG,RES,522556,99,1,5565496,5613324,5009401,518100,2021-04-17
2021-04-12,Z99,SCG,USE,737,100,1,0,0,0,737,2021-04-17
2021-04-11,Z99,SCG,AUF,28705,100,1,0,0,0,28705,2021-04-16
2021-04-11,Z99,SCG,COM,163755,98,1,176902,179984,1490968,161044,2021-04-16
2021-04-11,Z99,SCG,IND,23454,98,1,14878,15199,209586,22991,2021-04-16
2021-04-11,Z99,SCG,NGV,2627,95,1,207,217,23502,2503,2021-04-16
2021-04-11,Z99,SCG,RES,541321,99,1,5560551,5612680,5189226,536284,2021-04-16
2021-04-11,Z99,SCG,USE,737,100,1,0,0,0,737,2021-04-16
2021-04-10,Z99,SCG,AUF,28705,100,1,0,0,0,28705,2021-04-15
2021-04-10,Z99,SCG,COM,174571,98,1,177039,180025,1586994,171780,2021-04-15
2021-04-10,Z99,SCG,IND,32444,98,1,14901,15204,288616,31850,2021-04-15
2021-04-10,Z99,SCG,NGV,6709,95,1,207,217,60086,6392,2021-04-15
2021-04-10,Z99,SCG,RES,532478,99,1,5565496,5613091,5108486,527952,2021-04-15
2021-04-10,Z99,SCG,USE,737,100,1,0,0,0,737,2021-04-15
2021-04-09,Z99,SCG,AUF,28705,100,1,0,0,0,28705,2021-04-14
2021-04-09,Z99,SCG,COM,193032,98,1,176984,180032,1746936,189898,2021-04-14
2021-04-09,Z99,SCG,IND,56937,98,1,14912,15207,505036,55921,2021-04-14
2021-04-09,Z99,SCG,NGV,13852,96,1,208,217,124640,13260,2021-04-14
2021-04-09,Z99,SCG,RES,517735,99,1,5565210,5612955,4965794,513322,2021-04-14
2021-04-09,Z99,SCG,USE,737,100,1,0,0,0,737,2021-04-14
2021-04-08,Z99,SCG,AUF,28705,100,1,0,0,0,28705,2021-04-13
2021-04-08,Z99,SCG,COM,189625,98,1,176912,180047,1713583,186460,2021-04-13
2021-04-08,Z99,SCG,IND,63819,98,1,14888,15205,565642,62594,2021-04-13
2021-04-08,Z99,SCG,NGV,14313,95,1,207,217,128250,13634,2021-04-13
2021-04-08,Z99,SCG,RES,508188,99,1,5560086,5612938,4866987,503395,2021-04-13
2021-04-08,Z99,SCG,USE,737,100,1,0,0,0,737,2021-04-13
2021-04-07,Z99,SCG,AUF,28705,100,1,0,0,0,28705,2021-04-12
2021-04-07,Z99,SCG,COM,190848,98,1,176947,180027,1724790,187717,2021-04-12
2021-04-07,Z99,SCG,IND,61562,98,1,14911,15201,545296,60485,2021-04-12
2021-04-07,Z99,SCG,NGV,13677,95,1,207,217,122300,13032,2021-04-12
2021-04-07,Z99,SCG,RES,522816,99,1,5560984,5612118,5009198,518045,2021-04-12
2021-04-07,Z99,SCG,USE,737,100,1,0,0,0,737,2021-04-12
2021-04-06,Z99,SCG,AUF,28705,100,1,0,0,0,28705,2021-04-11
2021-04-06,Z99,SCG,COM,190940,98,1,177147,180044,1724054,188008,2021-04-11
2021-04-06,Z99,SCG,IND,60272,98,1,14920,15204,533865,59239,2021-04-11
2021-04-06,Z99,SCG,NGV,13611,95,1,207,217,121698,12969,2021-04-11
2021-04-06,Z99,SCG,RES,542913,99,1,5565633,5613191,5206010,538304,2021-04-11
2021-04-06,Z99,SCG,USE,737,100,1,0,0,0,737,2021-04-11
2021-04-05,Z99,SCG,AUF,28705,100,1,0,0,0,28705,2021-04-10
2021-04-05,Z99,SCG,COM,183549,98,1,177194,180017,1659263,180804,2021-04-10
2021-04-05,Z99,SCG,IND,55594,98,1,14928,15207,492295,54672,2021-04-10
2021-04-05,Z99,SCG,NGV,10223,95,1,207,217,91390,9741,2021-04-10
2021-04-05,Z99,SCG,RES,537559,99,1,5566752,5612587,5153724,533165,2021-04-10
2021-04-05,Z99,SCG,USE,737,100,1,0,0,0,737,2021-04-10
2021-04-04,Z99,SCG,AUF,28705,100,1,0,0,0,28705,2021-04-09
2021-04-04,Z99,SCG,COM,153322,98,1,177244,180012,1395159,151057,2021-04-09
2021-04-04,Z99,SCG,IND,21222,98,1,14931,15207,189314,20868,2021-04-09
2021-04-04,Z99,SCG,NGV,2220,95,1,207,217,19864,2115,2021-04-09
2021-04-04,Z99,SCG,RES,606969,99,1,5565530,5611887,5826677,601945,2021-04-09
2021-04-04,Z99,SCG,USE,737,100,1,0,0,0,737,2021-04-09
2021-04-03,Z99,SCG,AUF,28705,100,1,0,0,0,28705,2021-04-08
2021-04-03,Z99,SCG,COM,172588,98,1,177179,180056,1569779,169924,2021-04-08
2021-04-03,Z99,SCG,IND,27734,98,1,14920,15209,246287,27252,2021-04-08
2021-04-03,Z99,SCG,NGV,6677,95,1,207,217,59765,6362,2021-04-08
2021-04-03,Z99,SCG,RES,567198,99,1,5565034,5612612,5444864,562372,2021-04-08
2021-04-03,Z99,SCG,USE,737,100,1,0,0,0,737,2021-04-08
2021-04-02,Z99,SCG,AUF,28705,100,1,0,0,0,28705,2021-04-07
2021-04-02,Z99,SCG,COM,187216,98,1,177266,180075,1697337,184415,2021-04-07
2021-04-02,Z99,SCG,IND,47809,98,1,14920,15215,424500,46960,2021-04-07
2021-04-02,Z99,SCG,NGV,13341,95,1,207,217,119225,12712,2021-04-07
2021-04-02,Z99,SCG,RES,525514,99,1,5565157,5611454,5045648,521163,2021-04-07
2021-04-02,Z99,SCG,USE,737,100,1,0,0,0,737,2021-04-07
2021-04-01,Z99,SCG,AUF,28705,100,1,0,0,0,28705,2021-04-06
2021-04-01,Z99,SCG,COM,177818,98,1,177255,180114,1611710,175109,2021-04-06
2021-04-01,Z99,SCG,IND,58525,98,1,14918,15218,518656,57466,2021-04-06
2021-04-01,Z99,SCG,NGV,13752,96,1,208,216,124083,13222,2021-04-06
2021-04-01,Z99,SCG,RES,504157,99,1,5564164,5613310,4841542,499724,2021-04-06
2021-04-01,Z99,SCG,USE,737,100,1,0,0,0,737,2021-04-06
2021-03-31,Z99,SCG,AUF,28705,100,1,0,0,0,28705,2021-04-05
2021-03-31,Z99,SCG,COM,184896,98,1,177016,180100,1679083,181854,2021-04-05
2021-03-31,Z99,SCG,IND,59673,98,1,14887,15217,528821,58476,2021-04-05
2021-03-31,Z99,SCG,NGV,14079,96,1,208,216,127697,13536,2021-04-05
2021-03-31,Z99,SCG,RES,560678,99,1,5557685,5612854,5401099,555141,2021-04-05
2021-03-31,Z99,SCG,USE,737,100,1,0,0,0,737,2021-04-05
2021-03-30,Z99,SCG,AUF,28705,100,1,0,0,0,28705,2021-04-04
2021-03-30,Z99,SCG,COM,192025,98,1,177354,180113,1745265,189205,2021-04-04
2021-03-30,Z99,SCG,IND,60343,98,1,14942,15226,536744,59312,2021-04-04
2021-03-30,Z99,SCG,NGV,14159,95,1,208,218,127311,13487,2021-04-04
2021-03-30,Z99,SCG,RES,554021,99,1,5566031,5613673,5340745,549301,2021-04-04
2021-03-30,Z99,SCG,USE,737,100,1,0,0,0,737,2021-04-04
2021-03-29,Z99,SCG,AUF,28705,100,1,0,0,0,28705,2021-04-03
2021-03-29,Z99,SCG,COM,184716,99,1,177489,180097,1682281,182149,2021-04-03
2021-03-29,Z99,SCG,IND,56484,98,1,14944,15220,503619,55543,2021-04-03
2021-03-29,Z99,SCG,NGV,10715,95,1,207,218,95704,10160,2021-04-03
2021-03-29,Z99,SCG,RES,552004,99,1,5568809,5613137,5322773,547631,2021-04-03
2021-03-29,Z99,SCG,USE,737,100,1,0,0,0,737,2021-04-03
2021-03-28,Z99,SCG,AUF,28705,100,1,0,0,0,28705,2021-04-02
2021-03-28,Z99,SCG,COM,166537,99,1,177477,180093,1528863,164198,2021-04-02
2021-03-28,Z99,SCG,IND,24957,98,1,14935,15219,224435,24525,2021-04-02
2021-03-28,Z99,SCG,NGV,2717,95,1,208,218,24409,2588,2021-04-02
2021-03-28,Z99,SCG,RES,662052,99,1,5565739,5612526,6392812,656506,2021-04-02
2021-03-28,Z99,SCG,USE,737,100,1,0,0,0,737,2021-04-02
2021-03-27,Z99,SCG,AUF,28705,100,1,0,0,0,28705,2021-04-01
2021-03-27,Z99,SCG,COM,197836,99,1,177561,180111,1812181,195137,2021-04-01
2021-03-27,Z99,SCG,IND,37063,98,1,14953,15219,332856,36467,2021-04-01
2021-03-27,Z99,SCG,NGV,7224,95,1,208,218,65094,6881,2021-04-01
2021-03-27,Z99,SCG,RES,807279,99,1,5568270,5612759,7808723,800839,2021-04-01
2021-03-27,Z99,SCG,USE,737,100,1,0,0,0,737,2021-04-01
2021-03-26,Z99,SCG,AUF,28705,100,1,0,0,0,28705,2021-03-31
2021-03-26,Z99,SCG,COM,242431,99,1,177490,180118,2207583,239033,2021-03-31
2021-03-26,Z99,SCG,IND,62333,98,1,14941,15218,556171,61295,2021-03-31
2021-03-26,Z99,SCG,NGV,14570,95,1,208,218,131026,13879,2021-03-31
2021-03-26,Z99,SCG,RES,881834,99,1,5567621,5612555,8534848,874724,2021-03-31
2021-03-26,Z99,SCG,USE,737,100,1,0,0,0,737,2021-03-31
2021-03-25,Z99,SCG,AUF,28705,100,1,0,0,0,28705,2021-03-30
2021-03-25,Z99,SCG,COM,242472,99,1,177510,180100,2208435,239127,2021-03-30
2021-03-25,Z99,SCG,IND,67461,98,1,14944,15216,602707,66361,2021-03-30
2021-03-25,Z99,SCG,NGV,15042,95,1,208,218,135868,14353,2021-03-30
2021-03-25,Z99,SCG,RES,909699,99,1,5569407,5612472,8813525,902667,2021-03-30
2021-03-25,Z99,SCG,USE,737,100,1,0,0,0,737,2021-03-30
2021-03-24,Z99,SCG,AUF,28705,100,1,0,0,0,28705,2021-03-29
2021-03-24,Z99,SCG,COM,222873,98,1,177303,180085,2030234,219568,2021-03-29
2021-03-24,Z99,SCG,IND,66628,98,1,14905,15213,594154,65398,2021-03-29
2021-03-24,Z99,SCG,NGV,15061,95,1,208,218,136017,14370,2021-03-29
2021-03-24,Z99,SCG,RES,783530,99,1,5563325,5611846,7578863,776708,2021-03-29
2021-03-24,Z99,SCG,USE,737,100,1,0,0,0,737,2021-03-29
2021-03-23,Z99,SCG,AUF,28705,100,1,0,0,0,28705,2021-03-28
2021-03-23,Z99,SCG,COM,230630,99,1,177460,180083,2101584,227412,2021-03-28
2021-03-23,Z99,SCG,IND,65919,98,1,14918,15212,588211,64745,2021-03-28
2021-03-23,Z99,SCG,NGV,14974,95,1,208,218,135238,14288,2021-03-28
2021-03-23,Z99,SCG,RES,801730,99,1,5567815,5612372,7758751,795318,2021-03-28
2021-03-23,Z99,SCG,USE,737,100,1,0,0,0,737,2021-03-28
2021-03-22,Z99,SCG,AUF,28705,100,1,0,0,0,28705,2021-03-27
2021-03-22,Z99,SCG,COM,232526,99,1,177515,180074,2120495,229363,2021-03-27
2021-03-22,Z99,SCG,IND,62067,98,1,14938,15211,554361,61055,2021-03-27
2021-03-22,Z99,SCG,NGV,11540,95,1,208,218,104187,11011,2021-03-27
2021-03-22,Z99,SCG,RES,833140,99,1,5568766,5611993,8062588,826680,2021-03-27
2021-03-22,Z99,SCG,USE,737,100,1,0,0,0,737,2021-03-27
2021-03-21,Z99,SCG,AUF,28705,100,1,0,0,0,28705,2021-03-26
2021-03-21,Z99,SCG,COM,196250,99,1,177458,180072,1801897,193498,2021-03-26
2021-03-21,Z99,SCG,IND,28451,98,1,14942,15211,257039,27989,2021-03-26
2021-03-21,Z99,SCG,NGV,2842,95,1,208,218,25597,2712,2021-03-26
2021-03-21,Z99,SCG,RES,860231,99,1,5566899,5611439,8324957,853356,2021-03-26
2021-03-21,Z99,SCG,USE,737,100,1,0,0,0,737,2021-03-26
2021-03-20,Z99,SCG,AUF,28705,100,1,0,0,0,28705,2021-03-25
2021-03-20,Z99,SCG,COM,191834,99,1,177452,180095,1760373,189116,2021-03-25
2021-03-20,Z99,SCG,IND,37527,98,1,14945,15213,338117,36923,2021-03-25
2021-03-20,Z99,SCG,NGV,7498,95,1,208,218,67846,7153,2021-03-25
2021-03-20,Z99,SCG,RES,685828,99,1,5567192,5611553,6628215,680373,2021-03-25
2021-03-20,Z99,SCG,USE,737,100,1,0,0,0,737,2021-03-25
2021-03-19,Z99,SCG,AUF,28705,100,1,0,0,0,28705,2021-03-24
2021-03-19,Z99,SCG,COM,224090,98,1,177299,180083,2043335,220760,2021-03-24
2021-03-19,Z99,SCG,IND,61303,98,1,14925,15214,548443,60239,2021-03-24
2021-03-19,Z99,SCG,NGV,13878,95,1,207,218,124773,13177,2021-03-24
2021-03-19,Z99,SCG,RES,754115,99,1,5565314,5611241,7279349,747911,2021-03-24
2021-03-19,Z99,SCG,USE,737,100,1,0,0,0,737,2021-03-24
2021-03-18,Z99,SCG,AUF,28705,100,1,0,0,0,28705,2021-03-23
2021-03-18,Z99,SCG,COM,236529,98,1,177190,180065,2153015,232894,2021-03-23
2021-03-18,Z99,SCG,IND,68044,98,1,14911,15215,607577,66796,2021-03-23
2021-03-18,Z99,SCG,NGV,13902,95,1,207,218,124781,13203,2021-03-23
2021-03-18,Z99,SCG,RES,851664,99,1,5564749,5611027,8226095,844601,2021-03-23
2021-03-18,Z99,SCG,USE,737,100,1,0,0,0,737,2021-03-23
2021-03-17,Z99,SCG,AUF,28705,100,1,0,0,0,28705,2021-03-22
2021-03-17,Z99,SCG,COM,269795,98,1,177000,180038,2452896,265429,2021-03-22
2021-03-17,Z99,SCG,IND,72188,98,1,14898,15212,643595,70824,2021-03-22
2021-03-17,Z99,SCG,NGV,13877,95,1,207,218,124555,13180,2021-03-22
2021-03-17,Z99,SCG,RES,1095526,99,1,5560801,5610506,10588426,1085752,2021-03-22
2021-03-17,Z99,SCG,USE,737,100,1,0,0,0,737,2021-03-22
2021-03-16,Z99,SCG,AUF,28705,100,1,0,0,0,28705,2021-03-21
2021-03-16,Z99,SCG,COM,294009,98,1,177079,180029,2673026,289379,2021-03-21
2021-03-16,Z99,SCG,IND,74923,98,1,14891,15204,668396,73485,2021-03-21
2021-03-16,Z99,SCG,NGV,14226,95,1,207,218,127750,13511,2021-03-21
2021-03-16,Z99,SCG,RES,1288190,99,1,5564143,5610906,12471115,1277373,2021-03-21
2021-03-16,Z99,SCG,USE,737,100,1,0,0,0,737,2021-03-21
2021-03-15,Z99,SCG,AUF,28705,100,1,0,0,0,28705,2021-03-20
2021-03-15,Z99,SCG,COM,278855,98,1,177039,180008,2534900,274436,2021-03-20
2021-03-15,Z99,SCG,IND,66086,98,1,14889,15201,588733,64811,2021-03-20
2021-03-15,Z99,SCG,NGV,11162,95,1,207,218,100255,10601,2021-03-20
2021-03-15,Z99,SCG,RES,1198855,99,1,5563483,5610365,11614060,1188751,2021-03-20
2021-03-15,Z99,SCG,USE,737,100,1,0,0,0,737,2021-03-20
2021-03-14,Z99,SCG,AUF,28705,100,1,0,0,0,28705,2021-03-19
2021-03-14,Z99,SCG,COM,197756,98,1,177056,180005,1811730,194622,2021-03-19
2021-03-14,Z99,SCG,IND,28271,98,1,14894,15202,254410,27726,2021-03-19
2021-03-14,Z99,SCG,NGV,2518,95,1,208,218,22690,2402,2021-03-19
2021-03-14,Z99,SCG,RES,951002,99,1,5560196,5609832,9198037,942526,2021-03-19
2021-03-14,Z99,SCG,USE,737,100,1,0,0,0,737,2021-03-19
2021-03-13,Z99,SCG,AUF,28705,100,1,0,0,0,28705,2021-03-18
2021-03-13,Z99,SCG,COM,229027,98,1,176883,180020,2093317,225175,2021-03-18
2021-03-13,Z99,SCG,IND,40447,98,1,14882,15211,361808,39635,2021-03-18
2021-03-13,Z99,SCG,NGV,6597,95,1,209,219,59617,6296,2021-03-18
2021-03-13,Z99,SCG,RES,1124291,99,1,5554143,5609959,10868482,1113020,2021-03-18
2021-03-13,Z99,SCG,USE,737,100,1,0,0,0,737,2021-03-18
2021-03-12,Z99,SCG,AUF,28705,100,1,0,0,0,28705,2021-03-17
2021-03-12,Z99,SCG,COM,295366,98,1,177084,180016,2689472,290738,2021-03-17
2021-03-12,Z99,SCG,IND,69486,98,1,14911,15209,620393,68234,2021-03-17
2021-03-12,Z99,SCG,NGV,14193,95,1,208,219,127526,13480,2021-03-17
2021-03-12,Z99,SCG,RES,1347470,99,1,5562285,5609538,13054537,1336025,2021-03-17
2021-03-12,Z99,SCG,USE,737,100,1,0,0,0,737,2021-03-17
2021-03-11,Z99,SCG,AUF,28705,100,1,0,0,0,28705,2021-03-16
2021-03-11,Z99,SCG,COM,289064,98,1,177051,180031,2628365,284473,2021-03-16
2021-03-11,Z99,SCG,IND,72843,98,1,14878,15208,648823,71399,2021-03-16
2021-03-11,Z99,SCG,NGV,13603,95,1,207,219,121594,12860,2021-03-16
2021-03-11,Z99,SCG,RES,1284598,99,1,5561175,5609280,12440443,1273492,2021-03-16
2021-03-11,Z99,SCG,USE,737,100,1,0,0,0,737,2021-03-16
2021-03-10,Z99,SCG,AUF,28705,100,1,0,0,0,28705,2021-03-15
2021-03-10,Z99,SCG,COM,270750,98,1,176873,179976,2458297,266266,2021-03-15
2021-03-10,Z99,SCG,IND,70738,98,1,14881,15208,629640,69354,2021-03-15
2021-03-10,Z99,SCG,NGV,14423,95,1,208,219,129551,13701,2021-03-15
2021-03-10,Z99,SCG,RES,1167092,99,1,5557488,5608487,11298777,1156391,2021-03-15
2021-03-10,Z99,SCG,USE,737,100,1,0,0,0,737,2021-03-15
2021-03-09,Z99,SCG,AUF,28705,100,1,0,0,0,28705,2021-03-14
2021-03-09,Z99,SCG,COM,248040,98,1,177119,179955,2253976,244282,2021-03-14
2021-03-09,Z99,SCG,IND,68850,98,1,14913,15211,614518,67622,2021-03-14
2021-03-09,Z99,SCG,NGV,14496,95,1,207,219,129580,13704,2021-03-14
2021-03-09,Z99,SCG,RES,980402,99,1,5562641,5609110,9486462,972219,2021-03-14
2021-03-09,Z99,SCG,USE,737,100,1,0,0,0,737,2021-03-14
2021-03-08,Z99,SCG,AUF,28705,100,1,0,0,0,28705,2021-03-13
2021-03-08,Z99,SCG,COM,218943,99,1,177242,179939,1991674,215784,2021-03-13
2021-03-08,Z99,SCG,IND,60365,98,1,14931,15205,539844,59379,2021-03-13
2021-03-08,Z99,SCG,NGV,11426,95,1,209,219,103185,10904,2021-03-13
2021-03-08,Z99,SCG,RES,778488,99,1,5562607,5608385,7527130,772094,2021-03-13
2021-03-08,Z99,SCG,USE,737,100,1,0,0,0,737,2021-03-13
2021-03-07,Z99,SCG,AUF,28705,100,1,0,0,0,28705,2021-03-12
2021-03-07,Z99,SCG,COM,189291,99,1,177317,179935,1733683,186622,2021-03-12
2021-03-07,Z99,SCG,IND,27523,98,1,14939,15205,247633,27086,2021-03-12
2021-03-07,Z99,SCG,NGV,2651,95,1,209,219,23900,2530,2021-03-12
2021-03-07,Z99,SCG,RES,852297,99,1,5562900,5607837,8234777,845427,2021-03-12
2021-03-07,Z99,SCG,USE,737,100,1,0,0,0,737,2021-03-12
2021-03-06,Z99,SCG,AUF,28705,100,1,0,0,0,28705,2021-03-12
2021-03-06,Z99,SCG,COM,194289,99,1,177310,179984,1777711,191496,2021-03-12
2021-03-06,Z99,SCG,IND,36153,98,1,14956,15215,324358,35597,2021-03-12
2021-03-06,Z99,SCG,NGV,6699,95,1,208,219,60164,6363,2021-03-12
2021-03-06,Z99,SCG,RES,758008,99,1,5563680,5608173,7320836,751963,2021-03-12
2021-03-06,Z99,SCG,USE,737,100,1,0,0,0,737,2021-03-12
2021-03-05,Z99,SCG,AUF,28705,100,1,0,0,0,28705,2021-03-10
2021-03-05,Z99,SCG,COM,225394,98,1,177185,179972,2052409,222034,2021-03-10
2021-03-05,Z99,SCG,IND,61669,98,1,14933,15223,551033,60592,2021-03-10
2021-03-05,Z99,SCG,NGV,13136,95,1,208,219,117976,12479,2021-03-10
2021-03-05,Z99,SCG,RES,807314,99,1,5561153,5608023,7797884,800531,2021-03-10
2021-03-05,Z99,SCG,USE,737,100,1,0,0,0,737,2021-03-10
2021-03-04,Z99,SCG,AUF,28705,100,1,0,0,0,28705,2021-03-09
2021-03-04,Z99,SCG,COM,246031,99,1,177312,179985,2238322,242524,2021-03-09
2021-03-04,Z99,SCG,IND,68644,98,1,14937,15218,612977,67497,2021-03-09
2021-03-04,Z99,SCG,NGV,13873,95,1,208,219,124680,13179,2021-03-09
2021-03-04,Z99,SCG,RES,986110,99,1,5563171,5608270,9535659,978129,2021-03-09
2021-03-04,Z99,SCG,USE,737,100,1,0,0,0,737,2021-03-09
2021-03-03,Z99,SCG,AUF,28705,100,1,0,0,0,28705,2021-03-08
2021-03-03,Z99,SCG,COM,270420,99,1,177315,179993,2458229,266564,2021-03-08
2021-03-03,Z99,SCG,IND,70619,98,1,14926,15219,629666,69383,2021-03-08
2021-03-03,Z99,SCG,NGV,15154,95,1,209,219,136873,14462,2021-03-08
2021-03-03,Z99,SCG,RES,1232479,99,1,5560765,5607302,11925450,1222179,2021-03-08
2021-03-03,Z99,SCG,USE,737,100,1,0,0,0,737,2021-03-08
2021-03-02,Z99,SCG,AUF,28705,100,1,0,0,0,28705,2021-03-07
2021-03-02,Z99,SCG,COM,222697,99,1,177430,180002,2020360,219633,2021-03-07
2021-03-02,Z99,SCG,IND,64673,98,1,14956,15215,575341,63650,2021-03-07
2021-03-02,Z99,SCG,NGV,14860,96,1,209,218,132531,14054,2021-03-07
2021-03-02,Z99,SCG,RES,857300,99,1,5565523,5609331,8263296,850558,2021-03-07
2021-03-02,Z99,SCG,USE,737,100,1,0,0,0,737,2021-03-07
2021-03-01,Z99,SCG,AUF,28705,100,1,0,0,0,28705,2021-03-06
2021-03-01,Z99,SCG,COM,223961,99,1,177426,179953,2033368,220935,2021-03-06
2021-03-01,Z99,SCG,IND,60619,98,1,14943,15208,539459,59653,2021-03-06
2021-03-01,Z99,SCG,NGV,11219,96,1,209,218,101494,10756,2021-03-06
2021-03-01,Z99,SCG,RES,883433,99,1,5564119,5608384,8526490,876403,2021-03-06
2021-03-01,Z99,SCG,USE,737,100,1,0,0,0,737,2021-03-06
2021-02-28,Z99,SCG,AUF,43967,100,1,0,0,0,43967,2021-03-03
2021-02-28,Z99,SCG,COM,191572,99,1,177419,179949,1750335,188964,2021-03-03
2021-02-28,Z99,SCG,IND,27936,98,1,14939,15209,250438,27476,2021-03-03
2021-02-28,Z99,SCG,NGV,2518,96,1,209,218,22727,2414,2021-03-03
2021-02-28,Z99,SCG,RES,880714,99,1,5561964,5607619,8502000,873480,2021-03-03
2021-02-28,Z99,SCG,USE,737,100,1,0,0,0,737,2021-03-03
2021-02-27,Z99,SCG,AUF,43967,100,1,0,0,0,43967,2021-03-03
2021-02-27,Z99,SCG,COM,202146,99,1,177538,180026,1844847,199454,2021-03-03
2021-02-27,Z99,SCG,IND,36787,98,1,14963,15224,329640,36218,2021-03-03
2021-02-27,Z99,SCG,NGV,6964,96,1,209,218,63056,6677,2021-03-03
2021-02-27,Z99,SCG,RES,856129,99,1,5565223,5608649,8255482,849451,2021-03-03
2021-02-27,Z99,SCG,USE,737,100,1,0,0,0,737,2021-03-03
2021-02-26,Z99,SCG,AUF,43967,100,1,0,0,0,43967,2021-03-03
2021-02-26,Z99,SCG,COM,230511,99,1,177533,180042,2094862,227422,2021-03-03
2021-02-26,Z99,SCG,IND,60833,98,1,14950,15225,542546,59827,2021-03-03
2021-02-26,Z99,SCG,NGV,13593,95,1,208,218,122389,12970,2021-03-03
2021-02-26,Z99,SCG,RES,853341,99,1,5564737,5608633,8229975,846611,2021-03-03
2021-02-26,Z99,SCG,USE,737,100,1,0,0,0,737,2021-03-03
2021-02-25,Z99,SCG,AUF,43967,100,1,0,0,0,43967,2021-03-02
2021-02-25,Z99,SCG,COM,220179,99,1,177408,180033,1997564,217091,2021-03-02
2021-02-25,Z99,SCG,IND,65597,98,1,14947,15229,584479,64488,2021-03-02
2021-02-25,Z99,SCG,NGV,14434,96,1,209,218,130641,13839,2021-03-02
2021-02-25,Z99,SCG,RES,773921,99,1,5563156,5608119,7466122,767666,2021-03-02
2021-02-25,Z99,SCG,USE,737,100,1,0,0,0,737,2021-03-02
2021-02-24,Z99,SCG,AUF,43967,100,1,0,0,0,43967,2021-03-01
2021-02-24,Z99,SCG,COM,204761,99,1,177384,179995,1857205,201902,2021-03-01
2021-02-24,Z99,SCG,IND,64526,98,1,14950,15226,575036,63459,2021-03-01
2021-02-24,Z99,SCG,NGV,14308,96,1,209,218,129464,13717,2021-03-01
2021-02-24,Z99,SCG,RES,681384,99,1,5560433,5607604,6555880,675618,2021-03-01
2021-02-24,Z99,SCG,USE,737,100,1,0,0,0,737,2021-03-01
2021-02-23,Z99,SCG,AUF,43967,100,1,0,0,0,43967,2021-02-28
2021-02-23,Z99,SCG,COM,200626,99,1,177474,180020,1821814,197887,2021-02-28
2021-02-23,Z99,SCG,IND,63248,98,1,14967,15231,564446,62246,2021-02-28
2021-02-23,Z99,SCG,NGV,13546,96,1,209,218,122551,12987,2021-02-28
2021-02-23,Z99,SCG,RES,694847,99,1,5563688,5608182,6694981,689293,2021-02-28
2021-02-23,Z99,SCG,USE,737,100,1,0,0,0,737,2021-02-28
2021-02-22,Z99,SCG,AUF,43967,100,1,0,0,0,43967,2021-02-27
2021-02-22,Z99,SCG,COM,208396,99,1,177411,180005,1893526,205497,2021-02-27
2021-02-22,Z99,SCG,IND,60014,98,1,14943,15228,534839,58990,2021-02-27
2021-02-22,Z99,SCG,NGV,10562,96,1,209,218,95470,10126,2021-02-27
2021-02-22,Z99,SCG,RES,789839,99,1,5562858,5607890,7616001,783446,2021-02-27
2021-02-22,Z99,SCG,USE,737,100,1,0,0,0,737,2021-02-27
2021-02-21,Z99,SCG,AUF,43967,100,1,0,0,0,43967,2021-02-26
2021-02-21,Z99,SCG,COM,192818,99,1,177403,180003,1764257,190112,2021-02-26
2021-02-21,Z99,SCG,IND,27287,98,1,14945,15229,244535,26821,2021-02-26
2021-02-21,Z99,SCG,NGV,2583,96,1,209,218,23294,2477,2021-02-26
2021-02-21,Z99,SCG,RES,945038,99,1,5561374,5607303,9118364,937230,2021-02-26
2021-02-21,Z99,SCG,USE,737,100,1,0,0,0,737,2021-02-26
2021-02-20,Z99,SCG,AUF,43967,100,1,0,0,0,43967,2021-02-25
2021-02-20,Z99,SCG,COM,208594,99,1,177436,180031,1905991,205681,2021-02-25
2021-02-20,Z99,SCG,IND,37260,98,1,14970,15232,333654,36683,2021-02-25
2021-02-20,Z99,SCG,NGV,7168,96,1,209,218,64940,6871,2021-02-25
2021-02-20,Z99,SCG,RES,972720,99,1,5563091,5607558,9377488,964950,2021-02-25
2021-02-20,Z99,SCG,USE,737,100,1,0,0,0,737,2021-02-25
2021-02-19,Z99,SCG,AUF,43967,100,1,0,0,0,43967,2021-02-24
2021-02-19,Z99,SCG,COM,238340,99,1,177420,180036,2166028,234996,2021-02-24
2021-02-19,Z99,SCG,IND,63081,98,1,14960,15233,562609,62057,2021-02-24
2021-02-19,Z99,SCG,NGV,13096,96,1,209,218,118446,12556,2021-02-24
2021-02-19,Z99,SCG,RES,973131,99,1,5562794,5607288,9380525,965355,2021-02-24
2021-02-19,Z99,SCG,USE,737,100,1,0,0,0,737,2021-02-24
2021-02-18,Z99,SCG,AUF,43967,100,1,0,0,0,43967,2021-02-23
2021-02-18,Z99,SCG,COM,235336,99,1,177333,180001,2135604,231970,2021-02-23
2021-02-18,Z99,SCG,IND,66843,98,1,14968,15238,595240,65767,2021-02-23
2021-02-18,Z99,SCG,NGV,13832,96,1,209,218,125118,13261,2021-02-23
2021-02-18,Z99,SCG,RES,1000755,99,1,5561184,5606807,9659050,992540,2021-02-23
2021-02-18,Z99,SCG,USE,737,100,1,0,0,0,737,2021-02-23
2021-02-17,Z99,SCG,AUF,43967,100,1,0,0,0,43967,2021-02-22
2021-02-17,Z99,SCG,COM,237781,98,1,177202,180012,2154869,234202,2021-02-22
2021-02-17,Z99,SCG,IND,68870,98,1,14950,15238,612930,67682,2021-02-22
2021-02-17,Z99,SCG,NGV,13323,95,1,208,218,119861,12714,2021-02-22
2021-02-17,Z99,SCG,RES,1005618,99,1,5558408,5607418,9696741,996754,2021-02-22
2021-02-17,Z99,SCG,USE,737,100,1,0,0,0,737,2021-02-22
2021-02-16,Z99,SCG,AUF,43967,100,1,0,0,0,43967,2021-02-21
2021-02-16,Z99,SCG,COM,224276,99,1,177294,179983,2031404,221049,2021-02-21
2021-02-16,Z99,SCG,IND,66365,98,1,14964,15237,591373,65285,2021-02-21
2021-02-16,Z99,SCG,NGV,12713,95,1,208,218,114356,12133,2021-02-21
2021-02-16,Z99,SCG,RES,903727,99,1,5560792,5607010,8711883,896220,2021-02-21
2021-02-16,Z99,SCG,USE,737,100,1,0,0,0,737,2021-02-21
2021-02-15,Z99,SCG,AUF,43967,100,1,0,0,0,43967,2021-02-20
2021-02-15,Z99,SCG,COM,225037,99,1,177341,179977,2041610,221857,2021-02-20
2021-02-15,Z99,SCG,IND,55755,98,1,14977,15236,496848,54893,2021-02-20
2021-02-15,Z99,SCG,NGV,9234,95,1,208,218,83146,8812,2021-02-20
2021-02-15,Z99,SCG,RES,1046608,99,1,5561105,5606748,10100476,1038012,2021-02-20
2021-02-15,Z99,SCG,USE,737,100,1,0,0,0,737,2021-02-20
2021-02-14,Z99,SCG,AUF,43967,100,1,0,0,0,43967,2021-02-19
2021-02-14,Z99,SCG,COM,196555,98,1,177231,179973,1796345,193642,2021-02-19
2021-02-14,Z99,SCG,IND,28210,98,1,14970,15236,253443,27758,2021-02-19
2021-02-14,Z99,SCG,NGV,2130,95,1,208,218,19132,2032,2021-02-19
2021-02-14,Z99,SCG,RES,1027431,99,1,5557168,5606181,9910461,1018367,2021-02-19
2021-02-14,Z99,SCG,USE,737,100,1,0,0,0,737,2021-02-19
2021-02-13,Z99,SCG,AUF,43967,100,1,0,0,0,43967,2021-02-18
2021-02-13,Z99,SCG,COM,204961,99,1,177352,179994,1870355,202047,2021-02-18
2021-02-13,Z99,SCG,IND,36251,98,1,14971,15240,323738,35672,2021-02-18
2021-02-13,Z99,SCG,NGV,6788,96,1,209,218,61497,6508,2021-02-18
2021-02-13,Z99,SCG,RES,999249,99,1,5560766,5606244,9642227,991074,2021-02-18
2021-02-13,Z99,SCG,USE,737,100,1,0,0,0,737,2021-02-18
2021-02-12,Z99,SCG,AUF,43967,100,1,0,0,0,43967,2021-02-17
2021-02-12,Z99,SCG,COM,221967,98,1,177271,179986,2015498,218741,2021-02-17
2021-02-12,Z99,SCG,IND,60398,98,1,14963,15234,537308,59398,2021-02-17
2021-02-12,Z99,SCG,NGV,12942,96,1,209,218,117094,12409,2021-02-17
2021-02-12,Z99,SCG,RES,831488,99,1,5559931,5605936,8014770,824613,2021-02-17
2021-02-12,Z99,SCG,USE,737,100,1,0,0,0,737,2021-02-17
2021-02-11,Z99,SCG,AUF,43967,100,1,0,0,0,43967,2021-02-16
2021-02-11,Z99,SCG,COM,229406,98,1,177264,179982,2078523,226064,2021-02-16
2021-02-11,Z99,SCG,IND,67052,98,1,14963,15240,596892,65945,2021-02-16
2021-02-11,Z99,SCG,NGV,13489,95,1,208,218,121338,12873,2021-02-16
2021-02-11,Z99,SCG,RES,954379,99,1,5559550,5605804,9186857,946456,2021-02-16
2021-02-11,Z99,SCG,USE,737,100,1,0,0,0,737,2021-02-16
2021-02-10,Z99,SCG,AUF,43967,100,1,0,0,0,43967,2021-02-15
2021-02-10,Z99,SCG,COM,226245,98,1,177202,179947,2050300,222914,2021-02-15
2021-02-10,Z99,SCG,IND,68047,98,1,14943,15235,605345,66863,2021-02-15
2021-02-10,Z99,SCG,NGV,13358,95,1,208,218,120166,12748,2021-02-15
2021-02-10,Z99,SCG,RES,926101,99,1,5557364,5605022,8915293,918174,2021-02-15
2021-02-10,Z99,SCG,USE,737,100,1,0,0,0,737,2021-02-15
2021-02-09,Z99,SCG,AUF,43967,100,1,0,0,0,43967,2021-02-14
2021-02-09,Z99,SCG,COM,231238,98,1,177261,179970,2095006,227883,2021-02-14
2021-02-09,Z99,SCG,IND,67511,98,1,14957,15240,601112,66374,2021-02-14
2021-02-09,Z99,SCG,NGV,13637,96,1,209,218,123358,13075,2021-02-14
2021-02-09,Z99,SCG,RES,997362,99,1,5560337,5605615,9610343,989249,2021-02-14
2021-02-09,Z99,SCG,USE,737,100,1,0,0,0,737,2021-02-14
2021-02-08,Z99,SCG,AUF,43967,100,1,0,0,0,43967,2021-02-13
2021-02-08,Z99,SCG,COM,224838,99,1,177302,179951,2038047,221652,2021-02-13
2021-02-08,Z99,SCG,IND,62717,98,1,14972,15231,558967,61756,2021-02-13
2021-02-08,Z99,SCG,NGV,10393,95,1,208,218,93487,9918,2021-02-13
2021-02-08,Z99,SCG,RES,929945,99,1,5560287,5604848,8953696,922509,2021-02-13
2021-02-08,Z99,SCG,USE,737,100,1,0,0,0,737,2021-02-13
2021-02-07,Z99,SCG,AUF,43967,100,1,0,0,0,43967,2021-02-12
2021-02-07,Z99,SCG,COM,180843,99,1,177316,179963,1650436,178268,2021-02-12
2021-02-07,Z99,SCG,IND,27312,98,1,14965,15231,245281,26876,2021-02-12
2021-02-07,Z99,SCG,NGV,2505,96,1,209,218,22603,2401,2021-02-12
2021-02-07,Z99,SCG,RES,936715,99,1,5559193,5604618,9017297,929077,2021-02-12
2021-02-07,Z99,SCG,USE,737,100,1,0,0,0,737,2021-02-12
2021-02-06,Z99,SCG,AUF,43967,100,1,0,0,0,43967,2021-02-11
2021-02-06,Z99,SCG,COM,196221,99,1,177324,180001,1790308,193393,2021-02-11
2021-02-06,Z99,SCG,IND,37309,98,1,14947,15233,333871,36668,2021-02-11
2021-02-06,Z99,SCG,NGV,6347,95,1,208,218,57124,6057,2021-02-11
2021-02-06,Z99,SCG,RES,942851,99,1,5559137,5604956,9080665,935088,2021-02-11
2021-02-06,Z99,SCG,USE,737,100,1,0,0,0,737,2021-02-11
2021-02-05,Z99,SCG,AUF,43967,100,1,0,0,0,43967,2021-02-10
2021-02-05,Z99,SCG,COM,235018,98,1,177261,179989,2133427,231588,2021-02-10
2021-02-05,Z99,SCG,IND,64664,98,1,14943,15235,575490,63546,2021-02-10
2021-02-05,Z99,SCG,NGV,13034,95,1,209,219,117230,12441,2021-02-10
2021-02-05,Z99,SCG,RES,976055,99,1,5558642,5604985,9405916,967927,2021-02-10
2021-02-05,Z99,SCG,USE,737,100,1,0,0,0,737,2021-02-10
2021-02-04,Z99,SCG,AUF,43967,100,1,0,0,0,43967,2021-02-09
2021-02-04,Z99,SCG,COM,232038,99,1,177279,179954,2105935,228719,2021-02-09
2021-02-04,Z99,SCG,IND,68457,98,1,14930,15227,609473,67254,2021-02-09
2021-02-04,Z99,SCG,NGV,13181,95,1,209,219,118584,12582,2021-02-09
2021-02-04,Z99,SCG,RES,950396,99,1,5559504,5605020,9166601,942614,2021-02-09
2021-02-04,Z99,SCG,USE,737,100,1,0,0,0,737,2021-02-09
2021-02-03,Z99,SCG,AUF,43967,100,1,0,0,0,43967,2021-02-08
2021-02-03,Z99,SCG,COM,217929,99,1,177249,179891,1977341,214853,2021-02-08
2021-02-03,Z99,SCG,IND,66797,98,1,14961,15224,595711,65751,2021-02-08
2021-02-03,Z99,SCG,NGV,13201,95,1,208,220,117618,12483,2021-02-08
2021-02-03,Z99,SCG,RES,860023,99,1,5559404,5604431,8281540,853069,2021-02-08
2021-02-03,Z99,SCG,USE,737,100,1,0,0,0,737,2021-02-08
2021-02-02,Z99,SCG,AUF,43967,100,1,0,0,0,43967,2021-02-07
2021-02-02,Z99,SCG,COM,199991,99,1,177327,179946,1815751,197176,2021-02-07
2021-02-02,Z99,SCG,IND,64102,98,1,14956,15224,571377,63072,2021-02-07
2021-02-02,Z99,SCG,NGV,13300,95,1,209,220,117617,12465,2021-02-07
2021-02-02,Z99,SCG,RES,756647,99,1,5561111,5606321,7284086,750504,2021-02-07
2021-02-02,Z99,SCG,USE,737,100,1,0,0,0,737,2021-02-07
2021-02-01,Z99,SCG,AUF,43967,100,1,0,0,0,43967,2021-02-06
2021-02-01,Z99,SCG,COM,213324,99,1,177312,179934,1938806,210332,2021-02-06
2021-02-01,Z99,SCG,IND,60318,98,1,14959,15222,538598,59381,2021-02-06
2021-02-01,Z99,SCG,NGV,10680,95,1,217,228,95874,10165,2021-02-06
2021-02-01,Z99,SCG,RES,871892,99,1,5559823,5605296,8408668,864765,2021-02-06
2021-02-01,Z99,SCG,USE,737,100,1,0,0,0,737,2021-02-06
2021-01-31,Z99,SCG,AUF,43967,100,1,0,0,0,43967,2021-02-03
2021-01-31,Z99,SCG,COM,201796,99,1,177373,179941,1854259,199009,2021-02-03
2021-01-31,Z99,SCG,IND,29121,98,1,14958,15222,262484,28664,2021-02-03
2021-01-31,Z99,SCG,NGV,2463,95,1,216,228,22044,2333,2021-02-03
2021-01-31,Z99,SCG,RES,1196071,99,1,5559145,5604852,11591862,1186230,2021-02-03
2021-01-31,Z99,SCG,USE,737,100,1,0,0,0,737,2021-02-03
2021-01-30,Z99,SCG,AUF,43967,100,1,0,0,0,43967,2021-02-03
2021-01-30,Z99,SCG,COM,234196,99,1,177342,179960,2148733,230900,2021-02-03
2021-01-30,Z99,SCG,IND,40278,98,1,14970,15227,362598,39663,2021-02-03
2021-01-30,Z99,SCG,NGV,6191,95,1,216,228,55623,5864,2021-02-03
2021-01-30,Z99,SCG,RES,1354687,99,1,5558611,5605395,13129942,1343278,2021-02-03
2021-01-30,Z99,SCG,USE,737,100,1,0,0,0,737,2021-02-03
2021-01-29,Z99,SCG,AUF,43967,100,1,0,0,0,43967,2021-02-03
2021-01-29,Z99,SCG,COM,279310,98,1,177107,179880,2547029,275160,2021-02-03
2021-01-29,Z99,SCG,IND,65338,98,1,14945,15211,584759,64291,2021-02-03
2021-01-29,Z99,SCG,NGV,13232,95,1,216,228,118836,12536,2021-02-03
2021-01-29,Z99,SCG,RES,1383913,99,1,5556029,5604754,13416809,1371769,2021-02-03
2021-01-29,Z99,SCG,USE,737,100,1,0,0,0,737,2021-02-03
2021-01-28,Z99,SCG,AUF,43967,100,1,0,0,0,43967,2021-02-02
2021-01-28,Z99,SCG,COM,264600,98,1,177040,179868,2409649,260598,2021-02-02
2021-01-28,Z99,SCG,IND,70769,98,1,14941,15207,633775,69653,2021-02-02
2021-01-28,Z99,SCG,NGV,14260,95,1,216,228,128030,13509,2021-02-02
2021-01-28,Z99,SCG,RES,1270127,99,1,5556694,5604560,12303432,1259180,2021-02-02
2021-01-28,Z99,SCG,USE,737,100,1,0,0,0,737,2021-02-02
2021-01-27,Z99,SCG,AUF,43967,100,1,0,0,0,43967,2021-02-01
2021-01-27,Z99,SCG,COM,282841,99,1,177303,179855,2580081,278971,2021-02-01
2021-01-27,Z99,SCG,IND,72554,98,1,14961,15210,650567,71470,2021-02-01
2021-01-27,Z99,SCG,NGV,14139,95,1,216,228,126860,13396,2021-02-01
2021-01-27,Z99,SCG,RES,1431642,99,1,5559713,5604153,13882731,1420180,2021-02-01
2021-01-27,Z99,SCG,USE,737,100,1,0,0,0,737,2021-02-01
2021-01-26,Z99,SCG,AUF,43967,100,1,0,0,0,43967,2021-01-31
2021-01-26,Z99,SCG,COM,305817,99,1,177369,179874,2787722,301713,2021-01-31
2021-01-26,Z99,SCG,IND,75654,98,1,14956,15211,678155,74496,2021-01-31
2021-01-26,Z99,SCG,NGV,14455,95,1,216,228,129702,13695,2021-01-31
2021-01-26,Z99,SCG,RES,1646905,99,1,5561500,5604194,15977848,1634239,2021-01-31
2021-01-26,Z99,SCG,USE,737,100,1,0,0,0,737,2021-01-31
2021-01-25,Z99,SCG,AUF,43967,100,1,0,0,0,43967,2021-01-30
2021-01-25,Z99,SCG,COM,294327,99,1,177333,179842,2683224,290378,2021-01-30
2021-01-25,Z99,SCG,IND,67916,98,1,14945,15207,608409,66855,2021-01-30
2021-01-25,Z99,SCG,NGV,11044,95,1,216,228,99092,10463,2021-01-30
2021-01-25,Z99,SCG,RES,1552116,99,1,5560423,5603804,15061776,1539987,2021-01-30
2021-01-25,Z99,SCG,USE,737,100,1,0,0,0,737,2021-01-30
2021-01-24,Z99,SCG,AUF,43967,100,1,0,0,0,43967,2021-01-29
2021-01-24,Z99,SCG,COM,212778,99,1,177347,179862,1955131,209900,2021-01-29
2021-01-24,Z99,SCG,IND,30298,98,1,14959,15207,273592,29853,2021-01-29
2021-01-24,Z99,SCG,NGV,2596,95,1,217,228,23364,2471,2021-01-29
2021-01-24,Z99,SCG,RES,1374296,99,1,5560403,5603736,13327654,1363575,2021-01-29
2021-01-24,Z99,SCG,USE,737,100,1,0,0,0,737,2021-01-29
2021-01-23,Z99,SCG,AUF,43967,100,1,0,0,0,43967,2021-01-28
2021-01-23,Z99,SCG,COM,216372,99,1,177414,179884,1986391,213499,2021-01-28
2021-01-23,Z99,SCG,IND,39805,98,1,14965,15208,358165,39236,2021-01-28
2021-01-23,Z99,SCG,NGV,7001,95,1,217,228,63138,6663,2021-01-28
2021-01-23,Z99,SCG,RES,1343765,99,1,5560646,5603742,13037072,1333336,2021-01-28
2021-01-23,Z99,SCG,USE,737,100,1,0,0,0,737,2021-01-28
2021-01-22,Z99,SCG,AUF,43967,100,1,0,0,0,43967,2021-01-27
2021-01-22,Z99,SCG,COM,218496,99,1,177495,179001,2005711,216763,2021-01-27
2021-01-22,Z99,SCG,IND,61581,99,1,14969,15132,555008,61011,2021-01-27
2021-01-22,Z99,SCG,NGV,13780,98,1,217,222,127614,13468,2021-01-27
2021-01-22,Z99,SCG,RES,923200,99,1,5561934,5597363,8963280,917308,2021-01-27
2021-01-22,Z99,SCG,USE,737,100,1,0,0,0,737,2021-01-27
2021-01-21,Z99,SCG,AUF,43967,100,1,0,0,0,43967,2021-01-26
2021-01-21,Z99,SCG,COM,191923,99,1,177503,179032,1760886,190371,2021-01-26
2021-01-21,Z99,SCG,IND,63516,99,1,14973,15131,573341,62952,2021-01-26
2021-01-21,Z99,SCG,NGV,13814,99,1,219,222,129116,13628,2021-01-26
2021-01-21,Z99,SCG,RES,727201,99,1,5561474,5597133,7055210,722532,2021-01-26
2021-01-21,Z99,SCG,USE,737,100,1,0,0,0,737,2021-01-26
2021-01-20,Z99,SCG,AUF,43967,100,1,0,0,0,43967,2021-01-25
2021-01-20,Z99,SCG,COM,187088,99,1,177425,179056,1716202,185471,2021-01-25
2021-01-20,Z99,SCG,IND,61780,99,1,14951,15137,556571,61122,2021-01-25
2021-01-20,Z99,SCG,NGV,13680,99,1,219,222,127847,13496,2021-01-25
2021-01-20,Z99,SCG,RES,743555,99,1,5560272,5597759,7217664,738531,2021-01-25
2021-01-20,Z99,SCG,USE,737,100,1,0,0,0,737,2021-01-25
2021-01-19,Z99,SCG,AUF,43967,100,1,0,0,0,43967,2021-01-24
2021-01-19,Z99,SCG,COM,199741,99,1,177309,179063,1829943,197888,2021-01-24
2021-01-19,Z99,SCG,IND,63047,99,1,14937,15131,567667,62354,2021-01-24
2021-01-19,Z99,SCG,NGV,14700,99,1,220,223,137549,14502,2021-01-24
2021-01-19,Z99,SCG,RES,835998,99,1,5558829,5597407,8119312,830180,2021-01-24
2021-01-19,Z99,SCG,USE,737,100,1,0,0,0,737,2021-01-24
2021-01-18,Z99,SCG,AUF,43967,100,1,0,0,0,43967,2021-01-23
2021-01-18,Z99,SCG,COM,175123,99,1,177420,178975,1607159,173684,2021-01-23
2021-01-18,Z99,SCG,IND,54665,99,1,14942,15123,491991,54102,2021-01-23
2021-01-18,Z99,SCG,NGV,10180,99,1,220,223,95262,10043,2021-01-23
2021-01-18,Z99,SCG,RES,685101,99,1,5560299,5596664,6635388,680620,2021-01-23
2021-01-18,Z99,SCG,USE,737,100,1,0,0,0,737,2021-01-23
2021-01-17,Z99,SCG,AUF,43967,100,1,0,0,0,43967,2021-01-22
2021-01-17,Z99,SCG,COM,143236,99,1,177395,178952,1323992,142050,2021-01-22
2021-01-17,Z99,SCG,IND,24032,99,1,14935,15121,218048,23772,2021-01-22
2021-01-17,Z99,SCG,NGV,3327,99,1,220,223,31207,3282,2021-01-22
2021-01-17,Z99,SCG,RES,634754,99,1,5558424,5595844,6144192,630484,2021-01-22
2021-01-17,Z99,SCG,USE,737,100,1,0,0,0,737,2021-01-22
2021-01-16,Z99,SCG,AUF,43967,100,1,0,0,0,43967,2021-01-21
2021-01-16,Z99,SCG,COM,153829,99,1,177325,178968,1419993,152483,2021-01-21
2021-01-16,Z99,SCG,IND,33839,99,1,14943,15122,306646,33497,2021-01-21
2021-01-16,Z99,SCG,NGV,7155,98,1,219,223,66707,7028,2021-01-21
2021-01-16,Z99,SCG,RES,660140,99,1,5558004,5595894,6390276,655642,2021-01-21
2021-01-16,Z99,SCG,USE,737,100,1,0,0,0,737,2021-01-21
2021-01-15,Z99,SCG,AUF,43967,100,1,0,0,0,43967,2021-01-20
2021-01-15,Z99,SCG,COM,171250,99,1,177269,178986,1574489,169689,2021-01-20
2021-01-15,Z99,SCG,IND,55984,99,1,14928,15118,505024,55376,2021-01-20
2021-01-15,Z99,SCG,NGV,12434,98,1,217,222,115031,12156,2021-01-20
2021-01-15,Z99,SCG,RES,637138,99,1,5555883,5595473,6164883,632602,2021-01-20
2021-01-15,Z99,SCG,USE,737,100,1,0,0,0,737,2021-01-20
2021-01-14,Z99,SCG,AUF,43967,100,1,0,0,0,43967,2021-01-19
2021-01-14,Z99,SCG,COM,189838,99,1,177266,178981,1740709,188114,2021-01-19
2021-01-14,Z99,SCG,IND,63194,99,1,14919,15128,569428,62438,2021-01-19
2021-01-14,Z99,SCG,NGV,13062,98,1,218,222,121439,12829,2021-01-19
2021-01-14,Z99,SCG,RES,790770,99,1,5555467,5595026,7653209,785145,2021-01-19
2021-01-14,Z99,SCG,USE,737,100,1,0,0,0,737,2021-01-19
2021-01-13,Z99,SCG,AUF,43967,100,1,0,0,0,43967,2021-01-18
2021-01-13,Z99,SCG,COM,215789,99,1,177290,178962,1978057,213882,2021-01-18
2021-01-13,Z99,SCG,IND,66591,99,1,14916,15115,600335,65800,2021-01-18
2021-01-13,Z99,SCG,NGV,13611,98,1,218,222,126616,13368,2021-01-18
2021-01-13,Z99,SCG,RES,979914,99,1,5555854,5594483,9494181,973099,2021-01-18
2021-01-13,Z99,SCG,USE,737,100,1,0,0,0,737,2021-01-18
2021-01-12,Z99,SCG,AUF,43967,100,1,0,0,0,43967,2021-01-17
2021-01-12,Z99,SCG,COM,227408,99,1,177329,178954,2084826,225449,2021-01-17
2021-01-12,Z99,SCG,IND,67051,99,1,14937,15132,604449,66307,2021-01-17
2021-01-12,Z99,SCG,NGV,13382,99,1,218,221,125088,13200,2021-01-17
2021-01-12,Z99,SCG,RES,1061933,99,1,5557439,5594953,10298735,1054755,2021-01-17
2021-01-12,Z99,SCG,USE,737,100,1,0,0,0,737,2021-01-17
2021-01-11,Z99,SCG,AUF,43967,100,1,0,0,0,43967,2021-01-16
2021-01-11,Z99,SCG,COM,226493,99,1,177285,178916,2075986,224531,2021-01-16
2021-01-11,Z99,SCG,IND,62504,99,1,14935,15133,562791,61799,2021-01-16
2021-01-11,Z99,SCG,NGV,10319,98,1,217,221,95894,10133,2021-01-16
2021-01-11,Z99,SCG,RES,1045873,99,1,5555957,5594041,10142232,1038698,2021-01-16
2021-01-11,Z99,SCG,USE,737,100,1,0,0,0,737,2021-01-16
2021-01-10,Z99,SCG,AUF,43967,100,1,0,0,0,43967,2021-01-15
2021-01-10,Z99,SCG,COM,183367,99,1,177369,178908,1693131,181859,2021-01-15
2021-01-10,Z99,SCG,IND,28072,99,1,14949,15127,255267,27786,2021-01-15
2021-01-10,Z99,SCG,NGV,2444,99,1,218,221,22805,2411,2021-01-15
2021-01-10,Z99,SCG,RES,1067308,99,1,5556449,5593561,10356212,1060169,2021-01-15
2021-01-10,Z99,SCG,USE,737,100,1,0,0,0,737,2021-01-15
2021-01-09,Z99,SCG,AUF,43967,100,1,0,0,0,43967,2021-01-14
2021-01-09,Z99,SCG,COM,194379,99,1,177319,178867,1792185,192777,2021-01-14
2021-01-09,Z99,SCG,IND,37374,99,1,14949,15123,338642,37005,2021-01-14
2021-01-09,Z99,SCG,NGV,6265,99,1,218,221,58563,6179,2021-01-14
2021-01-09,Z99,SCG,RES,1040183,99,1,5556347,5593237,10086818,1033270,2021-01-14
2021-01-09,Z99,SCG,USE,737,100,1,0,0,0,737,2021-01-14
2021-01-08,Z99,SCG,AUF,43967,100,1,0,0,0,43967,2021-01-13
2021-01-08,Z99,SCG,COM,231592,99,1,177324,178889,2124669,229672,2021-01-13
2021-01-08,Z99,SCG,IND,60995,99,1,14943,15123,550394,60382,2021-01-13
2021-01-08,Z99,SCG,NGV,12920,99,1,218,221,120773,12745,2021-01-13
2021-01-08,Z99,SCG,RES,1052428,99,1,5555778,5593316,10196007,1045319,2021-01-13
2021-01-08,Z99,SCG,USE,737,100,1,0,0,0,737,2021-01-13
2021-01-07,Z99,SCG,AUF,43967,100,1,0,0,0,43967,2021-01-12
2021-01-07,Z99,SCG,COM,227126,99,1,177355,178855,2083035,225318,2021-01-12
2021-01-07,Z99,SCG,IND,64405,99,1,14939,15111,581446,63787,2021-01-12
2021-01-07,Z99,SCG,NGV,13905,99,1,218,221,129995,13716,2021-01-12
2021-01-07,Z99,SCG,RES,1050876,99,1,5556162,5593275,10181670,1043858,2021-01-12
2021-01-07,Z99,SCG,USE,737,100,1,0,0,0,737,2021-01-12
2021-01-06,Z99,SCG,AUF,43967,100,1,0,0,0,43967,2021-01-11
2021-01-06,Z99,SCG,COM,222181,99,1,177254,178835,2036939,220319,2021-01-11
2021-01-06,Z99,SCG,IND,64592,99,1,14927,15111,582552,63924,2021-01-11
2021-01-06,Z99,SCG,NGV,13703,99,1,218,221,128117,13517,2021-01-11
2021-01-06,Z99,SCG,RES,1005538,99,1,5554893,5592620,9740187,998710,2021-01-11
2021-01-06,Z99,SCG,USE,737,100,1,0,0,0,737,2021-01-11
2021-01-05,Z99,SCG,AUF,43967,100,1,0,0,0,43967,2021-01-10
2021-01-05,Z99,SCG,COM,225624,99,1,177293,178865,2067553,223753,2021-01-10
2021-01-05,Z99,SCG,IND,63239,99,1,14945,15117,570703,62634,2021-01-10
2021-01-05,Z99,SCG,NGV,13284,99,1,218,221,124112,13104,2021-01-10
2021-01-05,Z99,SCG,RES,1048299,99,1,5556547,5593926,10162314,1041245,2021-01-10
2021-01-05,Z99,SCG,USE,737,100,1,0,0,0,737,2021-01-10
2021-01-04,Z99,SCG,AUF,43967,100,1,0,0,0,43967,2021-01-09
2021-01-04,Z99,SCG,COM,226763,99,1,177319,178772,2079690,225030,2021-01-09
2021-01-04,Z99,SCG,IND,58703,99,1,14944,15113,529282,58143,2021-01-09
2021-01-04,Z99,SCG,NGV,10550,100,1,219,219,99959,10550,2021-01-09
2021-01-04,Z99,SCG,RES,1076468,99,1,5557097,5592835,10441680,1069541,2021-01-09
2021-01-04,Z99,SCG,USE,737,100,1,0,0,0,737,2021-01-09
2021-01-03,Z99,SCG,AUF,43967,100,1,0,0,0,43967,2021-01-08
2021-01-03,Z99,SCG,COM,180344,99,1,177382,178754,1666718,179036,2021-01-08
2021-01-03,Z99,SCG,IND,25237,99,1,14950,15111,228679,25009,2021-01-08
2021-01-03,Z99,SCG,NGV,2982,100,1,219,219,28233,2981,2021-01-08
2021-01-03,Z99,SCG,RES,1103121,99,1,5556632,5591267,10706954,1096238,2021-01-08
2021-01-03,Z99,SCG,USE,737,100,1,0,0,0,737,2021-01-08
2021-01-02,Z99,SCG,AUF,43967,100,1,0,0,0,43967,2021-01-07
2021-01-02,Z99,SCG,COM,193688,99,1,177408,178766,1789722,192305,2021-01-07
2021-01-02,Z99,SCG,IND,24356,99,1,14968,15118,221220,24154,2021-01-07
2021-01-02,Z99,SCG,NGV,7087,100,1,219,219,67130,7087,2021-01-07
2021-01-02,Z99,SCG,RES,1146926,99,1,5556705,5591297,11136525,1139776,2021-01-07
2021-01-02,Z99,SCG,USE,737,100,1,0,0,0,737,2021-01-07
2021-01-01,Z99,SCG,AUF,43967,100,1,0,0,0,43967,2021-01-07
2021-01-01,Z99,SCG,COM,176884,99,1,177496,178940,1643906,175539,2021-01-07
2021-01-01,Z99,SCG,IND,20745,99,1,14966,15128,190013,20557,2021-01-07
2021-01-01,Z99,SCG,NGV,3053,100,1,219,219,29096,3052,2021-01-07
2021-01-01,Z99,SCG,RES,1096352,99,1,5558071,5593684,10726633,1089316,2021-01-07
2021-01-01,Z99,SCG,USE,737,100,1,0,0,0,737,2021-01-07
2020-12-31,Z99,SCG,AUF,43967,100,1,0,0,0,43967,2021-01-05
2020-12-31,Z99,SCG,COM,229407,99,1,177422,178994,2124854,227516,2021-01-05
2020-12-31,Z99,SCG,IND,37102,99,1,14962,15137,338369,36737,2021-01-05
2020-12-31,Z99,SCG,NGV,11604,100,1,219,219,110811,11604,2021-01-05
2020-12-31,Z99,SCG,RES,1324679,99,1,5557850,5594557,12954683,1315917,2021-01-05
2020-12-31,Z99,SCG,USE,737,100,1,0,0,0,737,2021-01-05
2020-12-30,Z99,SCG,AUF,43967,100,1,0,0,0,43967,2021-01-04
2020-12-30,Z99,SCG,COM,244992,99,1,177307,179023,2264558,242779,2021-01-04
2020-12-30,Z99,SCG,IND,52736,99,1,14945,15128,478180,52178,2021-01-04
2020-12-30,Z99,SCG,NGV,12315,99,1,218,221,115974,12148,2021-01-04
2020-12-30,Z99,SCG,RES,1280349,99,1,5554951,5594185,12515696,1271300,2021-01-04
2020-12-30,Z99,SCG,USE,737,100,1,0,0,0,737,2021-01-04
2020-12-29,Z99,SCG,AUF,43967,100,1,0,0,0,43967,2021-01-03
2020-12-29,Z99,SCG,COM,255374,99,1,177271,179006,2359180,253044,2021-01-03
2020-12-29,Z99,SCG,IND,55498,99,1,14949,15134,503762,54915,2021-01-03
2020-12-29,Z99,SCG,NGV,12908,99,1,218,221,121534,12732,2021-01-03
2020-12-29,Z99,SCG,RES,1396062,99,1,5553708,5594941,13644290,1385691,2021-01-03
2020-12-29,Z99,SCG,USE,737,100,1,0,0,0,737,2021-01-03
2020-12-28,Z99,SCG,AUF,43967,100,1,0,0,0,43967,2021-01-02
2020-12-28,Z99,SCG,COM,246920,99,1,177141,178974,2278959,244538,2021-01-02
2020-12-28,Z99,SCG,IND,51877,99,1,14931,15130,470113,51287,2021-01-02
2020-12-28,Z99,SCG,NGV,10106,99,1,218,221,95155,9969,2021-01-02
2020-12-28,Z99,SCG,RES,1368112,99,1,5552083,5594493,13369150,1357660,2021-01-02
2020-12-28,Z99,SCG,USE,737,100,1,0,0,0,737,2021-01-02
2020-12-27,Z99,SCG,AUF,43967,100,1,0,0,0,43967,2021-01-01
2020-12-27,Z99,SCG,COM,169956,99,1,177461,179094,1581055,168488,2021-01-01
2020-12-27,Z99,SCG,IND,24445,99,1,14967,15136,223067,24213,2021-01-01
2020-12-27,Z99,SCG,NGV,2760,99,1,218,221,25921,2723,2021-01-01
2020-12-27,Z99,SCG,RES,977450,99,1,5557466,5595178,9556695,970807,2021-01-01
2020-12-27,Z99,SCG,USE,737,100,1,0,0,0,737,2021-01-01
2020-12-26,Z99,SCG,AUF,43967,100,1,0,0,0,43967,2020-12-31
2020-12-26,Z99,SCG,COM,175384,99,1,177698,179065,1632465,174122,2020-12-31
2020-12-26,Z99,SCG,IND,22384,99,1,14979,15136,204669,22187,2020-12-31
2020-12-26,Z99,SCG,NGV,7125,99,1,218,221,67047,7028,2020-12-31
2020-12-26,Z99,SCG,RES,956438,99,1,5560196,5594548,9344528,950526,2020-12-31
2020-12-26,Z99,SCG,USE,737,100,1,0,0,0,737,2020-12-31
2020-12-25,Z99,SCG,AUF,43967,100,1,0,0,0,43967,2020-12-30
2020-12-25,Z99,SCG,COM,147455,99,1,177743,179071,1365755,146431,2020-12-30
2020-12-25,Z99,SCG,IND,18250,99,1,14977,15139,166373,18084,2020-12-30
2020-12-25,Z99,SCG,NGV,2733,98,1,217,221,25628,2683,2020-12-30
2020-12-25,Z99,SCG,RES,1021859,99,1,5560548,5594450,9993776,1015622,2020-12-30
2020-12-25,Z99,SCG,USE,737,100,1,0,0,0,737,2020-12-30
2020-12-24,Z99,SCG,AUF,43967,100,1,0,0,0,43967,2020-12-29
2020-12-24,Z99,SCG,COM,205439,99,1,177660,179111,1903235,203873,2020-12-29
2020-12-24,Z99,SCG,IND,33252,99,1,14975,15144,304855,32935,2020-12-29
2020-12-24,Z99,SCG,NGV,11950,98,1,217,221,112015,11733,2020-12-29
2020-12-24,Z99,SCG,RES,1253058,99,1,5560188,5594709,12264909,1245262,2020-12-29
2020-12-24,Z99,SCG,USE,737,100,1,0,0,0,737,2020-12-29
2020-12-23,Z99,SCG,AUF,43967,100,1,0,0,0,43967,2020-12-28
2020-12-23,Z99,SCG,COM,216090,99,1,177490,179050,2000435,214321,2020-12-28
2020-12-23,Z99,SCG,IND,56973,99,1,14943,15136,517979,56340,2020-12-28
2020-12-23,Z99,SCG,NGV,13324,98,1,216,220,124836,13081,2020-12-28
2020-12-23,Z99,SCG,RES,1012012,99,1,5556607,5594378,9893129,1005129,2020-12-28
2020-12-23,Z99,SCG,USE,737,100,1,0,0,0,737,2020-12-28
2020-12-22,Z99,SCG,AUF,43967,100,1,0,0,0,43967,2020-12-27
2020-12-22,Z99,SCG,COM,209339,99,1,177596,179051,1936392,207744,2020-12-27
2020-12-22,Z99,SCG,IND,60272,99,1,14969,15135,547696,59698,2020-12-27
2020-12-22,Z99,SCG,NGV,13068,99,1,217,220,123006,12890,2020-12-27
2020-12-22,Z99,SCG,RES,897842,99,1,5559394,5595220,8759923,892062,2020-12-27
2020-12-22,Z99,SCG,USE,737,100,1,0,0,0,737,2020-12-27
2020-12-21,Z99,SCG,AUF,43967,100,1,0,0,0,43967,2020-12-26
2020-12-21,Z99,SCG,COM,201449,99,1,177579,179033,1864118,199913,2020-12-26
2020-12-21,Z99,SCG,IND,59119,99,1,14975,15143,538453,58547,2020-12-26
2020-12-21,Z99,SCG,NGV,9832,99,1,217,220,92565,9698,2020-12-26
2020-12-21,Z99,SCG,RES,866627,99,1,5557974,5594774,8458294,860892,2020-12-26
2020-12-21,Z99,SCG,USE,737,100,1,0,0,0,737,2020-12-26
2020-12-20,Z99,SCG,AUF,43967,100,1,0,0,0,43967,2020-12-25
2020-12-20,Z99,SCG,COM,180447,99,1,177636,179022,1679667,179131,2020-12-25
2020-12-20,Z99,SCG,IND,30896,99,1,14979,15140,283229,30613,2020-12-25
2020-12-20,Z99,SCG,NGV,2757,99,1,217,220,25909,2719,2020-12-25
2020-12-20,Z99,SCG,RES,1027746,99,1,5558479,5593993,10040508,1021179,2020-12-25
2020-12-20,Z99,SCG,USE,737,100,1,0,0,0,737,2020-12-25
2020-12-19,Z99,SCG,AUF,43967,100,1,0,0,0,43967,2020-12-24
2020-12-19,Z99,SCG,COM,195931,99,1,177631,179030,1822373,194491,2020-12-24
2020-12-19,Z99,SCG,IND,39658,99,1,14973,15139,363003,39279,2020-12-24
2020-12-19,Z99,SCG,NGV,6703,99,1,217,220,63152,6611,2020-12-24
2020-12-19,Z99,SCG,RES,1072421,99,1,5559124,5594443,10484284,1065601,2020-12-24
2020-12-19,Z99,SCG,USE,737,100,1,0,0,0,737,2020-12-24
2020-12-18,Z99,SCG,AUF,43967,100,1,0,0,0,43967,2020-12-23
2020-12-18,Z99,SCG,COM,230523,99,1,177580,179022,2134374,228780,2020-12-23
2020-12-18,Z99,SCG,IND,63659,99,1,14979,15141,581137,63065,2020-12-23
2020-12-18,Z99,SCG,NGV,12530,99,1,217,220,117907,12359,2020-12-23
2020-12-18,Z99,SCG,RES,1046860,99,1,5558597,5594495,10235219,1040093,2020-12-23
2020-12-18,Z99,SCG,USE,737,100,1,0,0,0,737,2020-12-23
2020-12-17,Z99,SCG,AUF,43967,100,1,0,0,0,43967,2020-12-22
2020-12-17,Z99,SCG,COM,223509,99,1,177579,179002,2066693,221850,2020-12-22
2020-12-17,Z99,SCG,IND,67759,99,1,14980,15135,618003,67172,2020-12-22
2020-12-17,Z99,SCG,NGV,13893,98,1,217,221,130162,13641,2020-12-22
2020-12-17,Z99,SCG,RES,1037578,99,1,5558845,5594370,10139207,1030943,2020-12-22
2020-12-17,Z99,SCG,USE,737,100,1,0,0,0,737,2020-12-22
2020-12-16,Z99,SCG,AUF,43967,100,1,0,0,0,43967,2020-12-21
2020-12-16,Z99,SCG,COM,225952,99,1,177522,178973,2088882,224234,2020-12-21
2020-12-16,Z99,SCG,IND,70216,99,1,14965,15129,640539,69563,2020-12-21
2020-12-16,Z99,SCG,NGV,13584,98,1,217,221,127254,13338,2020-12-21
2020-12-16,Z99,SCG,RES,1046667,99,1,5557146,5593682,10230890,1039780,2020-12-21
2020-12-16,Z99,SCG,USE,737,100,1,0,0,0,737,2020-12-21
2020-12-15,Z99,SCG,AUF,43967,100,1,0,0,0,43967,2020-12-20
2020-12-15,Z99,SCG,COM,230447,99,1,177526,178951,2131138,228722,2020-12-20
2020-12-15,Z99,SCG,IND,69666,99,1,14974,15124,636192,69078,2020-12-20
2020-12-15,Z99,SCG,NGV,13735,98,1,217,221,128645,13488,2020-12-20
2020-12-15,Z99,SCG,RES,1089595,99,1,5558131,5594113,10659504,1082522,2020-12-20
2020-12-15,Z99,SCG,USE,737,100,1,0,0,0,737,2020-12-20
2020-12-14,Z99,SCG,AUF,43967,100,1,0,0,0,43967,2020-12-19
2020-12-14,Z99,SCG,COM,218574,99,1,177522,178938,2022074,216947,2020-12-19
2020-12-14,Z99,SCG,IND,64193,99,1,14973,15116,586280,63649,2020-12-19
2020-12-14,Z99,SCG,NGV,10504,98,1,217,221,98384,10315,2020-12-19
2020-12-14,Z99,SCG,RES,965497,99,1,5557553,5593648,9440495,959213,2020-12-19
2020-12-14,Z99,SCG,USE,737,100,1,0,0,0,737,2020-12-19
2020-12-13,Z99,SCG,AUF,43967,100,1,0,0,0,43967,2020-12-18
2020-12-13,Z99,SCG,COM,177574,99,1,177586,178914,1655478,176334,2020-12-18
2020-12-13,Z99,SCG,IND,28540,99,1,14982,15118,262449,28310,2020-12-18
2020-12-13,Z99,SCG,NGV,2283,98,1,217,221,21336,2241,2020-12-18
2020-12-13,Z99,SCG,RES,1027775,99,1,5557987,5592827,10054559,1021317,2020-12-18
2020-12-13,Z99,SCG,USE,737,100,1,0,0,0,737,2020-12-18
2020-12-12,Z99,SCG,AUF,43967,100,1,0,0,0,43967,2020-12-17
2020-12-12,Z99,SCG,COM,191312,99,1,177232,178933,1776874,189595,2020-12-17
2020-12-12,Z99,SCG,IND,39658,99,1,14952,15116,363171,39273,2020-12-17
2020-12-12,Z99,SCG,NGV,6662,98,1,217,221,62388,6542,2020-12-17
2020-12-12,Z99,SCG,RES,1051932,99,1,5547666,5592691,10266394,1043394,2020-12-17
2020-12-12,Z99,SCG,USE,737,100,1,0,0,0,737,2020-12-17
2020-12-11,Z99,SCG,AUF,43967,100,1,0,0,0,43967,2020-12-16
2020-12-11,Z99,SCG,COM,225552,99,1,177425,178914,2083798,223794,2020-12-16
2020-12-11,Z99,SCG,IND,64771,99,1,14973,15125,591296,64216,2020-12-16
2020-12-11,Z99,SCG,NGV,13021,98,1,217,221,121986,12787,2020-12-16
2020-12-11,Z99,SCG,RES,995378,99,1,5554185,5592550,9716441,988500,2020-12-16
2020-12-11,Z99,SCG,USE,737,100,1,0,0,0,737,2020-12-16
2020-12-10,Z99,SCG,AUF,43967,100,1,0,0,0,43967,2020-12-15
2020-12-10,Z99,SCG,COM,213758,99,1,177452,178866,1975852,212172,2020-12-15
2020-12-10,Z99,SCG,IND,67189,99,1,14984,15119,613201,66686,2020-12-15
2020-12-10,Z99,SCG,NGV,14252,98,1,217,221,133485,13995,2020-12-15
2020-12-10,Z99,SCG,RES,932566,99,1,5556400,5591963,9112137,926591,2020-12-15
2020-12-10,Z99,SCG,USE,737,100,1,0,0,0,737,2020-12-15
2020-12-09,Z99,SCG,AUF,43967,100,1,0,0,0,43967,2020-12-14
2020-12-09,Z99,SCG,COM,193812,99,1,177414,178845,1793207,192360,2020-12-14
2020-12-09,Z99,SCG,IND,65236,99,1,14960,15117,594615,64654,2020-12-14
2020-12-09,Z99,SCG,NGV,13537,98,1,217,221,126793,13293,2020-12-14
2020-12-09,Z99,SCG,RES,764815,99,1,5555526,5591215,7469847,759898,2020-12-14
2020-12-09,Z99,SCG,USE,737,100,1,0,0,0,737,2020-12-14
2020-12-08,Z99,SCG,AUF,43967,100,1,0,0,0,43967,2020-12-13
2020-12-08,Z99,SCG,COM,184475,99,1,177263,178856,1706513,182920,2020-12-13
2020-12-08,Z99,SCG,IND,62238,99,1,14952,15109,567007,61685,2020-12-13
2020-12-08,Z99,SCG,NGV,13288,98,1,217,222,123936,12992,2020-12-13
2020-12-08,Z99,SCG,RES,728690,99,1,5551128,5591657,7107594,723374,2020-12-13
2020-12-08,Z99,SCG,USE,737,100,1,0,0,0,737,2020-12-13
2020-12-07,Z99,SCG,AUF,43967,100,1,0,0,0,43967,2020-12-12
2020-12-07,Z99,SCG,COM,221915,99,1,177406,178787,2050010,220295,2020-12-12
2020-12-07,Z99,SCG,IND,62826,99,1,14959,15103,573355,62316,2020-12-12
2020-12-07,Z99,SCG,NGV,10774,98,1,217,222,100457,10534,2020-12-12
2020-12-07,Z99,SCG,RES,1027430,99,1,5554331,5590986,10028875,1020647,2020-12-12
2020-12-07,Z99,SCG,USE,737,100,1,0,0,0,737,2020-12-12
2020-12-06,Z99,SCG,AUF,43967,100,1,0,0,0,43967,2020-12-11
2020-12-06,Z99,SCG,COM,185122,99,1,177519,178775,1723833,183890,2020-12-11
2020-12-06,Z99,SCG,IND,29515,99,1,14977,15102,271326,29314,2020-12-11
2020-12-06,Z99,SCG,NGV,2489,98,1,217,222,23156,2433,2020-12-11
2020-12-06,Z99,SCG,RES,1053651,99,1,5555763,5590444,10292241,1047069,2020-12-11
2020-12-06,Z99,SCG,USE,737,100,1,0,0,0,737,2020-12-11
2020-12-05,Z99,SCG,AUF,43967,100,1,0,0,0,43967,2020-12-10
2020-12-05,Z99,SCG,COM,199989,99,1,177403,178766,1860424,198546,2020-12-10
2020-12-05,Z99,SCG,IND,40851,99,1,14962,15099,374888,40538,2020-12-10
2020-12-05,Z99,SCG,NGV,6592,98,1,217,222,61517,6445,2020-12-10
2020-12-05,Z99,SCG,RES,1078133,99,1,5555250,5590982,10537264,1071191,2020-12-10
2020-12-05,Z99,SCG,USE,737,100,1,0,0,0,737,2020-12-10
2020-12-04,Z99,SCG,AUF,43967,100,1,0,0,0,43967,2020-12-09
2020-12-04,Z99,SCG,COM,229376,99,1,177325,178786,2122454,227604,2020-12-09
2020-12-04,Z99,SCG,IND,64205,99,1,14954,15099,586378,63686,2020-12-09
2020-12-04,Z99,SCG,NGV,13391,98,1,217,222,124871,13093,2020-12-09
2020-12-04,Z99,SCG,RES,1011286,99,1,5553568,5591079,9885274,1004446,2020-12-09
2020-12-04,Z99,SCG,USE,737,100,1,0,0,0,737,2020-12-09
2020-12-03,Z99,SCG,AUF,43967,100,1,0,0,0,43967,2020-12-08
2020-12-03,Z99,SCG,COM,208460,99,1,177333,178833,1928711,206804,2020-12-08
2020-12-03,Z99,SCG,IND,66548,99,1,14934,15100,607057,65918,2020-12-08
2020-12-03,Z99,SCG,NGV,13973,97,1,216,222,129702,13599,2020-12-08
2020-12-03,Z99,SCG,RES,854219,99,1,5553506,5591564,8347909,848359,2020-12-08
2020-12-03,Z99,SCG,USE,737,100,1,0,0,0,737,2020-12-08
2020-12-02,Z99,SCG,AUF,43967,100,1,0,0,0,43967,2020-12-07
2020-12-02,Z99,SCG,COM,205851,99,1,177285,178748,1903251,204271,2020-12-07
2020-12-02,Z99,SCG,IND,66186,99,1,14944,15097,602995,65615,2020-12-07
2020-12-02,Z99,SCG,NGV,13674,98,1,219,223,128069,13433,2020-12-07
2020-12-02,Z99,SCG,RES,829138,99,1,5551040,5590122,8088898,823306,2020-12-07
2020-12-02,Z99,SCG,USE,737,100,1,0,0,0,737,2020-12-07
2020-12-01,Z99,SCG,AUF,43967,100,1,0,0,0,43967,2020-12-06
2020-12-01,Z99,SCG,COM,207181,99,1,176958,178804,1911250,205154,2020-12-06
2020-12-01,Z99,SCG,IND,65391,99,1,14914,15105,593954,64678,2020-12-06
2020-12-01,Z99,SCG,NGV,13136,99,1,217,219,123552,12959,2020-12-06
2020-12-01,Z99,SCG,RES,857215,99,1,5542823,5593394,8345392,849414,2020-12-06
2020-12-01,Z99,SCG,USE,737,100,1,0,0,0,737,2020-12-06
2020-11-30,Z99,SCG,AUF,28705,100,1,0,0,0,28705,2020-12-03
2020-11-30,Z99,SCG,COM,208292,99,1,177230,178765,1918848,206608,2020-12-03
2020-11-30,Z99,SCG,IND,60552,99,1,14927,15097,549312,59959,2020-12-03
2020-11-30,Z99,SCG,NGV,10029,99,1,217,219,94075,9894,2020-12-03
2020-11-30,Z99,SCG,RES,869258,99,1,5550411,5592637,8454605,862656,2020-12-03
2020-11-30,Z99,SCG,USE,737,100,1,0,0,0,737,2020-12-03
2020-11-29,Z99,SCG,AUF,28705,100,1,0,0,0,28705,2020-12-03
2020-11-29,Z99,SCG,COM,180415,99,1,177494,178759,1674699,179217,2020-12-03
2020-11-29,Z99,SCG,IND,26258,99,1,14946,15098,239713,26025,2020-12-03
2020-11-29,Z99,SCG,NGV,3264,99,1,217,219,30657,3219,2020-12-03
2020-11-29,Z99,SCG,RES,997560,99,1,5556791,5591569,9723291,991316,2020-12-03
2020-11-29,Z99,SCG,USE,737,100,1,0,0,0,737,2020-12-03
2020-11-28,Z99,SCG,AUF,28705,100,1,0,0,0,28705,2020-12-03
2020-11-28,Z99,SCG,COM,191196,99,1,177471,178762,1773795,189895,2020-12-03
2020-11-28,Z99,SCG,IND,27745,99,1,14955,15097,254085,27519,2020-12-03
2020-11-28,Z99,SCG,NGV,8829,99,1,217,220,82473,8671,2020-12-03
2020-11-28,Z99,SCG,RES,1016151,99,1,5556774,5591740,9909357,1009752,2020-12-03
2020-11-28,Z99,SCG,USE,737,100,1,0,0,0,737,2020-12-03
2020-11-27,Z99,SCG,AUF,28705,100,1,0,0,0,28705,2020-12-02
2020-11-27,Z99,SCG,COM,200239,99,1,177419,178794,1853102,198788,2020-12-02
2020-11-27,Z99,SCG,IND,28332,99,1,14962,15097,259496,28110,2020-12-02
2020-11-27,Z99,SCG,NGV,8532,99,1,217,220,79686,8380,2020-12-02
2020-11-27,Z99,SCG,RES,977845,99,1,5556755,5592042,9539883,971629,2020-12-02
2020-11-27,Z99,SCG,USE,737,100,1,0,0,0,737,2020-12-02
2020-11-26,Z99,SCG,AUF,28705,100,1,0,0,0,28705,2020-12-01
2020-11-26,Z99,SCG,COM,158083,99,1,177440,178838,1457100,156925,2020-12-01
2020-11-26,Z99,SCG,IND,26961,99,1,14955,15104,246712,26736,2020-12-01
2020-11-26,Z99,SCG,NGV,4404,98,1,216,220,41022,4305,2020-12-01
2020-11-26,Z99,SCG,RES,1035766,99,1,5556708,5592708,10096883,1029049,2020-12-01
2020-11-26,Z99,SCG,USE,737,100,1,0,0,0,737,2020-12-01
2020-11-25,Z99,SCG,AUF,28705,100,1,0,0,0,28705,2020-11-30
2020-11-25,Z99,SCG,COM,213550,99,1,177402,178754,1972822,212032,2020-11-30
2020-11-25,Z99,SCG,IND,60774,99,1,14959,15094,553457,60321,2020-11-30
2020-11-25,Z99,SCG,NGV,13378,99,1,218,221,124983,13141,2020-11-30
2020-11-25,Z99,SCG,RES,899446,99,1,5555099,5591553,8759606,893546,2020-11-30
2020-11-25,Z99,SCG,USE,737,100,1,0,0,0,737,2020-11-30
2020-11-24,Z99,SCG,AUF,28705,100,1,0,0,0,28705,2020-11-29
2020-11-24,Z99,SCG,COM,204106,99,1,177374,178765,1883739,202620,2020-11-29
2020-11-24,Z99,SCG,IND,65906,99,1,14960,15095,599752,65419,2020-11-29
2020-11-24,Z99,SCG,NGV,12844,99,1,218,221,119959,12616,2020-11-29
2020-11-24,Z99,SCG,RES,801324,99,1,5556405,5592017,7801557,796192,2020-11-29
2020-11-24,Z99,SCG,USE,737,100,1,0,0,0,737,2020-11-29
2020-11-23,Z99,SCG,AUF,28705,100,1,0,0,0,28705,2020-11-28
2020-11-23,Z99,SCG,COM,203269,99,1,177411,178753,1875607,201840,2020-11-28
2020-11-23,Z99,SCG,IND,62437,99,1,14956,15096,567464,61952,2020-11-28
2020-11-23,Z99,SCG,NGV,10242,99,1,218,221,95625,10060,2020-11-28
2020-11-23,Z99,SCG,RES,795680,99,1,5556256,5591544,7741203,790633,2020-11-28
2020-11-23,Z99,SCG,USE,737,100,1,0,0,0,737,2020-11-28
2020-11-22,Z99,SCG,AUF,28705,100,1,0,0,0,28705,2020-11-27
2020-11-22,Z99,SCG,COM,162960,99,1,177375,178741,1513391,161779,2020-11-27
2020-11-22,Z99,SCG,IND,27795,99,1,14958,15095,253687,27585,2020-11-27
2020-11-22,Z99,SCG,NGV,2512,99,1,218,221,23434,2468,2020-11-27
2020-11-22,Z99,SCG,RES,702767,99,1,5555456,5590821,6831953,698303,2020-11-27
2020-11-22,Z99,SCG,USE,737,100,1,0,0,0,737,2020-11-27
2020-11-21,Z99,SCG,AUF,28705,100,1,0,0,0,28705,2020-11-26
2020-11-21,Z99,SCG,COM,169653,99,1,177339,178754,1575109,168385,2020-11-26
2020-11-21,Z99,SCG,IND,36725,99,1,14946,15100,334702,36412,2020-11-26
2020-11-21,Z99,SCG,NGV,6584,99,1,218,221,61537,6466,2020-11-26
2020-11-21,Z99,SCG,RES,675200,99,1,5555200,5591080,6565294,670849,2020-11-26
2020-11-21,Z99,SCG,USE,737,100,1,0,0,0,737,2020-11-26
2020-11-20,Z99,SCG,AUF,28705,100,1,0,0,0,28705,2020-11-25
2020-11-20,Z99,SCG,COM,195209,99,1,177283,178745,1803045,193705,2020-11-25
2020-11-20,Z99,SCG,IND,61375,99,1,14959,15097,558960,60901,2020-11-25
2020-11-20,Z99,SCG,NGV,12764,99,1,218,221,119217,12537,2020-11-25
2020-11-20,Z99,SCG,RES,680544,99,1,5554741,5591201,6616624,676089,2020-11-25
2020-11-20,Z99,SCG,USE,737,100,1,0,0,0,737,2020-11-25
2020-11-19,Z99,SCG,AUF,28705,100,1,0,0,0,28705,2020-11-24
2020-11-19,Z99,SCG,COM,186768,99,1,177307,178730,1723290,185366,2020-11-24
2020-11-19,Z99,SCG,IND,65775,99,1,14968,15097,598534,65313,2020-11-24
2020-11-19,Z99,SCG,NGV,13267,99,1,218,221,123943,13031,2020-11-24
2020-11-19,Z99,SCG,RES,634373,99,1,5555312,5591295,6169666,630272,2020-11-24
2020-11-19,Z99,SCG,USE,737,100,1,0,0,0,737,2020-11-24
2020-11-18,Z99,SCG,AUF,28705,100,1,0,0,0,28705,2020-11-23
2020-11-18,Z99,SCG,COM,185178,99,1,177125,178676,1706455,183657,2020-11-23
2020-11-18,Z99,SCG,IND,65498,99,1,14936,15100,594254,64889,2020-11-23
2020-11-18,Z99,SCG,NGV,13621,98,1,217,221,126594,13317,2020-11-23
2020-11-18,Z99,SCG,RES,629760,99,1,5553051,5590785,6117161,625495,2020-11-23
2020-11-18,Z99,SCG,USE,737,100,1,0,0,0,737,2020-11-23
2020-11-17,Z99,SCG,AUF,28705,100,1,0,0,0,28705,2020-11-22
2020-11-17,Z99,SCG,COM,172865,99,1,177205,178693,1594659,171503,2020-11-22
2020-11-17,Z99,SCG,IND,63945,99,1,14922,15092,580722,63333,2020-11-22
2020-11-17,Z99,SCG,NGV,13338,99,1,218,221,125151,13159,2020-11-22
2020-11-17,Z99,SCG,RES,568402,99,1,5554929,5591812,5521951,564641,2020-11-22
2020-11-17,Z99,SCG,USE,737,100,1,0,0,0,737,2020-11-22
2020-11-16,Z99,SCG,AUF,28705,100,1,0,0,0,28705,2020-11-21
2020-11-16,Z99,SCG,COM,165925,99,1,177180,178699,1532830,164585,2020-11-21
2020-11-16,Z99,SCG,IND,56990,99,1,14925,15099,517118,56412,2020-11-21
2020-11-16,Z99,SCG,NGV,9748,99,1,218,221,91434,9617,2020-11-21
2020-11-16,Z99,SCG,RES,566461,99,1,5553123,5591144,5507343,562593,2020-11-21
2020-11-16,Z99,SCG,USE,737,100,1,0,0,0,737,2020-11-21
2020-11-15,Z99,SCG,AUF,28705,100,1,0,0,0,28705,2020-11-20
2020-11-15,Z99,SCG,COM,159405,99,1,177205,178673,1480883,158154,2020-11-20
2020-11-15,Z99,SCG,IND,26583,99,1,14947,15097,243009,26357,2020-11-20
2020-11-15,Z99,SCG,NGV,2281,99,1,218,221,21365,2250,2020-11-20
2020-11-15,Z99,SCG,RES,704642,99,1,5552279,5590370,6853136,699821,2020-11-20
2020-11-15,Z99,SCG,USE,737,100,1,0,0,0,737,2020-11-20
2020-11-14,Z99,SCG,AUF,28705,100,1,0,0,0,28705,2020-11-19
2020-11-14,Z99,SCG,COM,182230,99,1,177225,178673,1690064,180826,2020-11-19
2020-11-14,Z99,SCG,IND,37698,99,1,14959,15093,345101,37421,2020-11-19
2020-11-14,Z99,SCG,NGV,6387,99,1,218,221,59883,6301,2020-11-19
2020-11-14,Z99,SCG,RES,790790,99,1,5554506,5590504,7695405,785675,2020-11-19
2020-11-14,Z99,SCG,USE,737,100,1,0,0,0,737,2020-11-19
2020-11-13,Z99,SCG,AUF,28705,100,1,0,0,0,28705,2020-11-18
2020-11-13,Z99,SCG,COM,223184,99,1,177125,178662,2058843,221361,2020-11-18
2020-11-13,Z99,SCG,IND,65129,99,1,14936,15096,592216,64524,2020-11-18
2020-11-13,Z99,SCG,NGV,12541,99,1,218,221,117637,12373,2020-11-18
2020-11-13,Z99,SCG,RES,878721,99,1,5552636,5590247,8553725,872780,2020-11-18
2020-11-13,Z99,SCG,USE,737,100,1,0,0,0,737,2020-11-18
2020-11-12,Z99,SCG,AUF,28705,100,1,0,0,0,28705,2020-11-17
2020-11-12,Z99,SCG,COM,221587,99,1,177192,178641,2043285,219891,2020-11-17
2020-11-12,Z99,SCG,IND,69588,99,1,14934,15088,632287,68958,2020-11-17
2020-11-12,Z99,SCG,NGV,13077,99,1,218,221,122135,12845,2020-11-17
2020-11-12,Z99,SCG,RES,895478,99,1,5554043,5589933,8719817,889701,2020-11-17
2020-11-12,Z99,SCG,USE,737,100,1,0,0,0,737,2020-11-17
2020-11-11,Z99,SCG,AUF,28705,100,1,0,0,0,28705,2020-11-16
2020-11-11,Z99,SCG,COM,226468,99,1,177129,178644,2087946,224654,2020-11-16
2020-11-11,Z99,SCG,IND,68807,99,1,14940,15088,624234,68218,2020-11-16
2020-11-11,Z99,SCG,NGV,11792,99,1,218,221,110186,11582,2020-11-16
2020-11-11,Z99,SCG,RES,979444,99,1,5552252,5589567,9539927,972872,2020-11-16
2020-11-11,Z99,SCG,USE,737,100,1,0,0,0,737,2020-11-16
2020-11-10,Z99,SCG,AUF,28705,100,1,0,0,0,28705,2020-11-15
2020-11-10,Z99,SCG,COM,237354,99,1,177132,178627,2186400,235480,2020-11-15
2020-11-10,Z99,SCG,IND,72040,99,1,14930,15098,654140,71358,2020-11-15
2020-11-10,Z99,SCG,NGV,13534,99,1,218,221,126382,13294,2020-11-15
2020-11-10,Z99,SCG,RES,1046071,99,1,5553290,5590318,10197229,1039099,2020-11-15
2020-11-10,Z99,SCG,USE,737,100,1,0,0,0,737,2020-11-15
2020-11-09,Z99,SCG,AUF,28705,100,1,0,0,0,28705,2020-11-14
2020-11-09,Z99,SCG,COM,234868,99,1,177092,178610,2161238,232990,2020-11-14
2020-11-09,Z99,SCG,IND,66086,99,1,14934,15092,600071,65494,2020-11-14
2020-11-09,Z99,SCG,NGV,10904,98,1,217,221,101362,10661,2020-11-14
2020-11-09,Z99,SCG,RES,1057116,99,1,5553195,5589629,10307688,1050184,2020-11-14
2020-11-09,Z99,SCG,USE,737,100,1,0,0,0,737,2020-11-14
2020-11-08,Z99,SCG,AUF,28705,100,1,0,0,0,28705,2020-11-13
2020-11-08,Z99,SCG,COM,180549,99,1,177124,178598,1673929,179135,2020-11-13
2020-11-08,Z99,SCG,IND,27682,99,1,14929,15091,253705,27430,2020-11-13
2020-11-08,Z99,SCG,NGV,2327,99,1,218,221,21685,2285,2020-11-13
2020-11-08,Z99,SCG,RES,959752,99,1,5552639,5589093,9362144,953450,2020-11-13
2020-11-08,Z99,SCG,USE,737,100,1,0,0,0,737,2020-11-13
2020-11-07,Z99,SCG,AUF,28705,100,1,0,0,0,28705,2020-11-12
2020-11-07,Z99,SCG,COM,178658,99,1,177139,178627,1655878,177250,2020-11-12
2020-11-07,Z99,SCG,IND,34901,99,1,14960,15089,319524,34661,2020-11-12
2020-11-07,Z99,SCG,NGV,6548,99,1,218,221,61082,6432,2020-11-12
2020-11-07,Z99,SCG,RES,715072,99,1,5553265,5589137,6964663,710459,2020-11-12
2020-11-07,Z99,SCG,USE,737,100,1,0,0,0,737,2020-11-12
2020-11-06,Z99,SCG,AUF,28705,100,1,0,0,0,28705,2020-11-11
2020-11-06,Z99,SCG,COM,161011,99,1,177159,178631,1488376,159760,2020-11-11
2020-11-06,Z99,SCG,IND,56193,99,1,14946,15094,510919,55740,2020-11-11
2020-11-06,Z99,SCG,NGV,13098,98,1,218,222,121807,12809,2020-11-11
2020-11-06,Z99,SCG,RES,442762,99,1,5553454,5589324,4295673,439916,2020-11-11
2020-11-06,Z99,SCG,USE,737,100,1,0,0,0,737,2020-11-11
2020-11-05,Z99,SCG,AUF,28705,100,1,0,0,0,28705,2020-11-10
2020-11-05,Z99,SCG,COM,148300,99,1,177089,178611,1369742,147105,2020-11-10
2020-11-05,Z99,SCG,IND,61232,99,1,14926,15090,556951,60666,2020-11-10
2020-11-05,Z99,SCG,NGV,13063,98,1,218,222,121365,12775,2020-11-10
2020-11-05,Z99,SCG,RES,436876,99,1,5550980,5589008,4238132,433896,2020-11-10
2020-11-05,Z99,SCG,USE,737,100,1,0,0,0,737,2020-11-10
2020-11-04,Z99,SCG,AUF,28705,100,1,0,0,0,28705,2020-11-09
2020-11-04,Z99,SCG,COM,153532,99,1,177002,178552,1415645,152270,2020-11-09
2020-11-04,Z99,SCG,IND,62988,99,1,14928,15092,572504,62404,2020-11-09
2020-11-04,Z99,SCG,NGV,13422,99,1,219,222,125293,13185,2020-11-09
2020-11-04,Z99,SCG,RES,454403,99,1,5548676,5588440,4405733,451163,2020-11-09
2020-11-04,Z99,SCG,USE,737,100,1,0,0,0,737,2020-11-09
2020-11-03,Z99,SCG,AUF,28705,100,1,0,0,0,28705,2020-11-08
2020-11-03,Z99,SCG,COM,152271,99,1,177198,178654,1404293,151105,2020-11-08
2020-11-03,Z99,SCG,IND,61698,99,1,14955,15098,561126,61215,2020-11-08
2020-11-03,Z99,SCG,NGV,13362,98,1,218,222,124152,13066,2020-11-08
2020-11-03,Z99,SCG,RES,446882,99,1,5555039,5591045,4335259,443999,2020-11-08
2020-11-03,Z99,SCG,USE,737,100,1,0,0,0,737,2020-11-08
2020-11-02,Z99,SCG,AUF,28705,100,1,0,0,0,28705,2020-11-07
2020-11-02,Z99,SCG,COM,148951,99,1,177182,178595,1374325,147846,2020-11-07
2020-11-02,Z99,SCG,IND,55737,99,1,14940,15090,506587,55275,2020-11-07
2020-11-02,Z99,SCG,NGV,9876,99,1,215,217,92960,9786,2020-11-07
2020-11-02,Z99,SCG,RES,451466,99,1,5553085,5589069,4380470,448554,2020-11-07
2020-11-02,Z99,SCG,USE,737,100,1,0,0,0,737,2020-11-07
2020-11-01,Z99,SCG,AUF,28705,100,1,0,0,0,28705,2020-11-06
2020-11-01,Z99,SCG,COM,136429,99,1,177194,178581,1267475,135427,2020-11-06
2020-11-01,Z99,SCG,IND,23708,99,1,14953,15089,217200,23531,2020-11-06
2020-11-01,Z99,SCG,NGV,2243,100,1,216,217,21154,2233,2020-11-06
2020-11-01,Z99,SCG,RES,489486,99,1,5550899,5588012,4751497,486228,2020-11-06
2020-11-01,Z99,SCG,USE,737,100,1,0,0,0,737,2020-11-06
2020-10-31,Z99,SCG,AUF,884,100,1,0,0,0,884,2020-11-04
2020-10-31,Z99,SCG,COM,147170,99,1,177250,178649,1365688,146085,2020-11-04
2020-10-31,Z99,SCG,IND,31718,99,1,14951,15096,289858,31462,2020-11-04
2020-10-31,Z99,SCG,NGV,5539,99,1,215,217,52264,5488,2020-11-04
2020-10-31,Z99,SCG,RES,501295,99,1,5553888,5589833,4869483,498061,2020-11-04
2020-10-31,Z99,SCG,USE,737,100,1,0,0,0,737,2020-11-04
2020-10-30,Z99,SCG,AUF,884,100,1,0,0,0,884,2020-11-04
2020-10-30,Z99,SCG,COM,167670,99,1,177144,178645,1548507,166347,2020-11-04
2020-10-30,Z99,SCG,IND,57572,99,1,14957,15101,523989,57122,2020-11-04
2020-10-30,Z99,SCG,NGV,12442,100,1,216,217,117747,12384,2020-11-04
2020-10-30,Z99,SCG,RES,486712,99,1,5553172,5589590,4727311,483531,2020-11-04
2020-10-30,Z99,SCG,USE,737,100,1,0,0,0,737,2020-11-04
2020-10-29,Z99,SCG,AUF,884,100,1,0,0,0,884,2020-11-03
2020-10-29,Z99,SCG,COM,166966,99,1,177206,178680,1539170,165674,2020-11-03
2020-10-29,Z99,SCG,IND,63209,99,1,14951,15112,574061,62641,2020-11-03
2020-10-29,Z99,SCG,NGV,12795,99,1,216,218,120572,12679,2020-11-03
2020-10-29,Z99,SCG,RES,514041,99,1,5552569,5589646,4993176,510620,2020-11-03
2020-10-29,Z99,SCG,USE,737,100,1,0,0,0,737,2020-11-03
2020-10-28,Z99,SCG,AUF,884,100,1,0,0,0,884,2020-11-02
2020-10-28,Z99,SCG,COM,169662,99,1,177111,178649,1569620,168290,2020-11-02
2020-10-28,Z99,SCG,IND,63670,99,1,14946,15101,581452,63116,2020-11-02
2020-10-28,Z99,SCG,NGV,12529,99,1,216,218,118415,12414,2020-11-02
2020-10-28,Z99,SCG,RES,535494,99,1,5551403,5589137,5225480,531868,2020-11-02
2020-10-28,Z99,SCG,USE,737,100,1,0,0,0,737,2020-11-02
