Date,OCC,Status,Usage,Percentage,Number of meters read,Total number of meters,Update
2021-06-14,Z99,0.0,83226,98.0,892242,910226,2021-06-15
2021-06-14,CAT,0.0,9427,100.0,2705,2705,2021-06-15
2021-06-13,Z99,0.0,84655,99.0,898689,910226,2021-06-15
2021-06-13,CAT,0.0,15802,100.0,5451,5451,2021-06-15
2021-06-12,Z99,0.0,89501,99.0,900069,910226,2021-06-15
2021-06-12,CAT,0.0,26689,100.0,8213,8213,2021-06-15
2021-06-11,Z99,0.0,93135,99.0,900627,910226,2021-06-15
2021-06-11,CAT,0.0,42819,100.0,10980,10980,2021-06-15
2021-06-10,Z99,1.0,94263,99.0,900939,910226,2021-06-15
2021-06-10,CAT,0.2,53729,100.0,13725,13725,2021-06-15
2021-06-09,Z99,1.0,92334,99.0,901039,910226,2021-06-14
2021-06-09,CAT,0.2,53448,100.0,13742,13742,2021-06-14
2021-06-08,Z99,1.0,94731,99.0,901106,910226,2021-06-13
2021-06-08,CAT,0.2,53867,100.0,13731,13731,2021-06-13
2021-06-07,Z99,1.0,97286,99.0,901353,910226,2021-06-12
2021-06-07,CAT,0.2,50291,100.0,13769,13769,2021-06-12
2021-06-06,Z99,1.0,90308,99.0,901481,910226,2021-06-11
2021-06-06,CAT,0.2,41836,100.0,13785,13785,2021-06-11
2021-06-05,Z99,1.0,90044,99.0,901471,910226,2021-06-10
2021-06-05,CAT,0.2,46493,100.0,13769,13769,2021-06-10
2021-06-04,Z99,1.0,92010,99.0,901392,910226,2021-06-09
2021-06-04,CAT,0.2,53547,100.0,13740,13740,2021-06-09
2021-06-03,Z99,1.0,92012,99.0,901334,910226,2021-06-08
2021-06-03,CAT,0.2,53009,100.0,13750,13750,2021-06-08
2021-06-02,Z99,1.0,93995,99.0,901370,910226,2021-06-07
2021-06-02,CAT,0.2,55019,100.0,13760,13760,2021-06-07
2021-06-01,Z99,1.0,91437,99.0,901314,910226,2021-06-06
2021-06-01,CAT,0.2,50643,100.0,13755,13755,2021-06-06
2021-05-31,Z99,1.0,97937,99.0,900634,910226,2021-06-03
2021-05-31,CAT,0.3333333333333333,24356,100.0,8245,8245,2021-06-03
2021-05-30,Z99,1.0,95515,99.0,901128,910226,2021-06-03
2021-05-30,CAT,0.25,32783,100.0,11008,11008,2021-06-03
2021-05-29,Z99,1.0,97800,99.0,901355,910226,2021-06-03
2021-05-29,CAT,0.2,45736,100.0,13780,13780,2021-06-03
2021-05-28,Z99,1.0,95455,99.0,901296,910226,2021-06-02
2021-05-28,CAT,0.2,51104,100.0,13744,13744,2021-06-02
2021-05-27,Z99,1.0,93369,99.0,901204,910226,2021-06-01
2021-05-27,CAT,0.2,54146,100.0,13765,13765,2021-06-01
2021-05-26,Z99,1.0,90510,99.0,901320,910226,2021-05-31
2021-05-26,CAT,0.2,52935,100.0,13800,13800,2021-05-31
2021-05-25,Z99,1.0,90583,99.0,901369,910226,2021-05-30
2021-05-25,CAT,0.25,42779,100.0,11070,11070,2021-05-30
2021-05-24,Z99,1.0,95506,99.0,901383,910226,2021-05-29
2021-05-24,CAT,0.25,39938,100.0,11010,11010,2021-05-29
2021-05-23,Z99,1.0,106822,99.0,901539,910226,2021-05-28
2021-05-23,CAT,0.25,35877,100.0,11014,11014,2021-05-28
2021-05-22,Z99,1.0,110361,99.0,901574,910226,2021-05-27
2021-05-22,CAT,0.25,41579,100.0,11019,11019,2021-05-27
2021-05-21,Z99,1.0,108456,99.0,901654,910226,2021-05-27
2021-05-21,CAT,0.2,57578,100.0,13815,13815,2021-05-27
2021-05-20,Z99,1.0,100658,99.0,901516,910226,2021-05-25
2021-05-20,CAT,0.2,57491,100.0,13796,13796,2021-05-25
2021-05-19,Z99,1.0,96337,99.0,901624,910226,2021-05-24
2021-05-19,CAT,0.2,54481,100.0,13794,13794,2021-05-24
2021-05-18,Z99,1.0,100807,99.0,901643,910226,2021-05-23
2021-05-18,CAT,0.2,54549,100.0,13765,13765,2021-05-23
2021-05-17,Z99,1.0,108635,99.0,901654,910226,2021-05-22
2021-05-17,CAT,0.2,54795,100.0,13799,13799,2021-05-22
2021-05-16,Z99,1.0,106805,99.0,901720,910226,2021-05-21
2021-05-16,CAT,0.2,46559,100.0,13784,13784,2021-05-21
2021-05-15,Z99,1.0,98442,99.0,901729,910226,2021-05-20
2021-05-15,CAT,0.2,48786,100.0,13801,13801,2021-05-20
2021-05-14,Z99,1.0,95624,99.0,901675,910226,2021-05-19
2021-05-14,CAT,0.2,55114,100.0,13778,13778,2021-05-19
2021-05-13,Z99,1.0,93298,99.0,901640,910226,2021-05-18
2021-05-13,CAT,0.2,55181,100.0,13794,13794,2021-05-18
2021-05-12,Z99,1.0,96193,99.0,901661,910226,2021-05-17
2021-05-12,CAT,0.2,55746,100.0,13789,13789,2021-05-17
2021-05-11,Z99,1.0,100778,99.0,901652,910226,2021-05-16
2021-05-11,CAT,0.2,56122,100.0,13769,13769,2021-05-16
2021-05-10,Z99,1.0,98201,99.0,901654,910226,2021-05-15
2021-05-10,CAT,0.2,52262,100.0,13767,13767,2021-05-15
2021-05-09,Z99,1.0,98451,99.0,901816,910226,2021-05-14
2021-05-09,CAT,0.25,34700,100.0,11045,11045,2021-05-14
2021-05-08,Z99,1.0,97823,99.0,901780,910226,2021-05-13
2021-05-08,CAT,0.3333333333333333,28279,100.0,8303,8303,2021-05-13
2021-05-07,Z99,1.0,98174,99.0,901750,910226,2021-05-12
2021-05-07,CAT,0.5,22543,100.0,5542,5542,2021-05-12
2021-05-06,Z99,1.0,96433,99.0,901737,910226,2021-05-11
2021-05-06,CAT,1.0,11377,100.0,2773,2773,2021-05-11
2021-05-05,Z99,1.0,94771,99.0,901766,910226,2021-05-10
2021-05-05,CAT,0.2,55007,100.0,13805,13805,2021-05-10
2021-05-04,Z99,1.0,93214,99.0,901740,910226,2021-05-09
2021-05-04,CAT,0.2,54747,100.0,13772,13772,2021-05-09
2021-05-03,Z99,1.0,98509,99.0,901753,910226,2021-05-08
2021-05-03,CAT,0.2,51608,100.0,13799,13799,2021-05-08
2021-05-02,Z99,1.0,104901,99.0,901822,910226,2021-05-07
2021-05-02,CAT,0.2,45519,100.0,13820,13820,2021-05-07
2021-05-01,Z99,1.0,93366,99.0,901944,910226,2021-05-06
2021-05-01,CAT,0.2,47627,100.0,13827,13827,2021-05-06
2021-04-30,Z99,1.0,94618,99.0,901905,910226,2021-05-05
2021-04-30,CAT,0.2,55080,100.0,13789,13789,2021-05-05
2021-04-29,Z99,1.0,104240,99.0,901898,910226,2021-05-04
2021-04-29,CAT,0.2,57223,100.0,13778,13778,2021-05-04
2021-04-28,Z99,1.0,123079,99.0,901917,910226,2021-05-03
2021-04-28,CAT,0.2,60434,100.0,13764,13764,2021-05-03
2021-04-27,Z99,1.0,130819,99.0,901933,910226,2021-05-02
2021-04-27,CAT,0.2,64038,100.0,13807,13807,2021-05-02
2021-04-26,Z99,1.0,127741,99.0,901965,910226,2021-05-01
2021-04-26,CAT,0.2,59193,100.0,13826,13826,2021-05-01
2021-04-25,Z99,1.0,110977,99.0,902082,910226,2021-04-30
2021-04-25,CAT,0.2,46742,100.0,13825,13825,2021-04-30
2021-04-24,Z99,1.0,117300,99.0,902031,910226,2021-04-29
2021-04-24,CAT,0.2,52194,100.0,13801,13801,2021-04-29
2021-04-23,Z99,1.0,129567,99.0,901969,910226,2021-04-28
2021-04-23,CAT,0.2,61584,100.0,13799,13799,2021-04-28
2021-04-22,Z99,1.0,137807,99.0,902022,910226,2021-04-27
2021-04-22,CAT,0.2,63605,100.0,13797,13797,2021-04-27
2021-04-21,Z99,1.0,122712,99.0,902039,910226,2021-04-26
2021-04-21,CAT,0.2,61807,100.0,13817,13817,2021-04-26
2021-04-20,Z99,1.0,102524,99.0,902144,910226,2021-04-25
2021-04-20,CAT,0.2,58547,100.0,13852,13852,2021-04-25
2021-04-19,Z99,1.0,101950,99.0,902120,910226,2021-04-24
2021-04-19,CAT,0.2,53122,100.0,13827,13827,2021-04-24
2021-04-18,Z99,1.0,107343,99.0,902241,910226,2021-04-23
2021-04-18,CAT,0.2,45594,100.0,13803,13803,2021-04-23
2021-04-17,Z99,1.0,110783,99.0,902192,910226,2021-04-22
2021-04-17,CAT,0.2,51228,100.0,13793,13793,2021-04-22
2021-04-16,Z99,1.0,122271,99.0,902149,910226,2021-04-21
2021-04-16,CAT,0.2,61402,100.0,13805,13805,2021-04-21
2021-04-15,Z99,1.0,132568,99.0,902066,910226,2021-04-20
2021-04-15,CAT,0.2,64734,100.0,13815,13815,2021-04-20
2021-04-14,Z99,1.0,131091,99.0,902057,910226,2021-04-19
2021-04-14,CAT,0.2,63911,100.0,13814,13814,2021-04-19
2021-04-13,Z99,1.0,132320,99.0,902004,910226,2021-04-18
2021-04-13,CAT,0.2,64379,100.0,13805,13805,2021-04-18
2021-04-12,Z99,1.0,108275,99.0,902065,910226,2021-04-17
2021-04-12,CAT,0.2,55221,100.0,13838,13838,2021-04-17
2021-04-11,Z99,1.0,106798,99.0,902170,910226,2021-04-16
2021-04-11,CAT,0.2,46683,100.0,13836,13836,2021-04-16
2021-04-10,Z99,1.0,107570,99.0,902145,910226,2021-04-15
2021-04-10,CAT,0.2,51855,100.0,13820,13820,2021-04-15
2021-04-09,Z99,1.0,108728,99.0,902071,910226,2021-04-14
2021-04-09,CAT,0.2,57034,100.0,13792,13792,2021-04-14
2021-04-08,Z99,1.0,108448,99.0,902068,910226,2021-04-13
2021-04-08,CAT,0.2,59696,100.0,13772,13772,2021-04-13
2021-04-07,Z99,1.0,111060,99.0,902069,910226,2021-04-12
2021-04-07,CAT,0.2,59663,100.0,13779,13779,2021-04-12
2021-04-06,Z99,1.0,110184,99.0,901999,910226,2021-04-11
2021-04-06,CAT,0.2,58999,100.0,13802,13802,2021-04-11
2021-04-05,Z99,1.0,110562,99.0,902061,910226,2021-04-10
2021-04-05,CAT,0.2,56773,100.0,13818,13818,2021-04-10
2021-04-04,Z99,1.0,114014,99.0,902109,910226,2021-04-09
2021-04-04,CAT,0.25,37451,100.0,11083,11083,2021-04-09
2021-04-03,Z99,1.0,113806,99.0,902085,910226,2021-04-08
2021-04-03,CAT,0.3333333333333333,31077,100.0,8325,8325,2021-04-08
2021-04-02,Z99,1.0,107484,99.0,902100,910226,2021-04-07
2021-04-02,CAT,0.5,24398,100.0,5551,5551,2021-04-07
2021-04-01,Z99,1.0,104098,99.0,902247,910226,2021-04-06
2021-04-01,CAT,1.0,11345,100.0,2778,2778,2021-04-06
2021-03-31,Z99,1.0,116514,99.0,902250,910226,2021-04-05
2021-03-31,CAT,0.2,57770,100.0,13776,13776,2021-04-05
2021-03-30,Z99,1.0,115696,99.0,902253,910213,2021-04-04
2021-03-30,CAT,0.2,61052,100.0,13767,13767,2021-04-04
2021-03-29,Z99,1.0,117088,99.0,902339,910202,2021-04-03
2021-03-29,CAT,0.2,57096,100.0,13844,13844,2021-04-03
2021-03-28,Z99,1.0,127668,99.0,902398,910185,2021-04-02
2021-03-28,CAT,0.2,47911,100.0,13846,13846,2021-04-02
2021-03-27,Z99,1.0,155108,99.0,902365,910185,2021-04-01
2021-03-27,CAT,0.2,54984,100.0,13828,13828,2021-04-01
2021-03-26,Z99,1.0,170552,99.0,902200,910185,2021-03-31
2021-03-26,CAT,0.2,64910,100.0,13815,13815,2021-03-31
2021-03-25,Z99,1.0,183564,99.0,902304,910157,2021-03-30
2021-03-25,CAT,0.2,65589,100.0,13868,13868,2021-03-30
2021-03-24,Z99,1.0,160164,99.0,902250,910130,2021-03-29
2021-03-24,CAT,0.2,65372,100.0,13850,13850,2021-03-29
2021-03-23,Z99,1.0,150174,99.0,902180,910126,2021-03-28
2021-03-23,CAT,0.2,64978,100.0,13848,13848,2021-03-28
2021-03-22,Z99,1.0,163543,99.0,902114,910105,2021-03-27
2021-03-22,CAT,0.2,63463,100.0,13891,13891,2021-03-27
2021-03-21,Z99,1.0,156729,99.0,902174,910069,2021-03-26
2021-03-21,CAT,0.2,54388,100.0,13869,13869,2021-03-26
2021-03-20,Z99,1.0,127082,99.0,902086,910068,2021-03-25
2021-03-20,CAT,0.2,53805,100.0,13868,13868,2021-03-25
2021-03-19,Z99,1.0,169022,99.0,902093,910067,2021-03-24
2021-03-19,CAT,0.2,63134,100.0,13866,13866,2021-03-24
2021-03-18,Z99,1.0,170473,99.0,902063,910063,2021-03-23
2021-03-18,CAT,0.2,68442,100.0,13898,13898,2021-03-23
2021-03-17,Z99,1.0,199184,99.0,901378,910049,2021-03-22
2021-03-17,CAT,0.2,72335,100.0,13874,13874,2021-03-22
2021-03-16,Z99,1.0,211227,99.0,901904,910027,2021-03-21
2021-03-16,CAT,0.2,72437,100.0,13907,13907,2021-03-21
2021-03-15,Z99,1.0,202727,99.0,902122,910008,2021-03-20
2021-03-15,CAT,0.2,67998,100.0,13979,13979,2021-03-20
2021-03-14,Z99,1.0,166341,99.0,902172,909990,2021-03-19
2021-03-14,CAT,0.2,56700,100.0,13962,13962,2021-03-19
2021-03-13,Z99,1.0,185828,99.0,902141,909991,2021-03-18
2021-03-13,CAT,0.2,60226,100.0,13908,13908,2021-03-18
2021-03-12,Z99,1.0,205205,99.0,902057,909978,2021-03-17
2021-03-12,CAT,0.2,69696,100.0,13925,13925,2021-03-17
2021-03-11,Z99,1.0,192750,99.0,902029,909968,2021-03-16
2021-03-11,CAT,0.2,66326,100.0,13924,13924,2021-03-16
2021-03-10,Z99,1.0,179476,99.0,901918,909956,2021-03-15
2021-03-10,CAT,0.2,67421,100.0,13954,13954,2021-03-15
2021-03-09,Z99,1.0,162766,99.0,901983,909951,2021-03-14
2021-03-09,CAT,0.2,68551,100.0,13988,13988,2021-03-14
2021-03-08,Z99,1.0,142913,99.0,901990,909935,2021-03-13
2021-03-08,CAT,0.2,59368,100.0,13949,13949,2021-03-13
2021-03-07,Z99,1.0,145989,99.0,902112,909916,2021-03-12
2021-03-07,CAT,0.2,49520,100.0,13994,13994,2021-03-12
2021-03-06,Z99,1.0,138889,99.0,902102,909916,2021-03-11
2021-03-06,CAT,0.2,55054,100.0,13977,13977,2021-03-11
2021-03-05,Z99,1.0,156251,99.0,901950,909902,2021-03-10
2021-03-05,CAT,0.2,63175,100.0,13943,13943,2021-03-10
2021-03-04,Z99,1.0,165027,99.0,901837,909894,2021-03-09
2021-03-04,CAT,0.2,63125,100.0,13952,13952,2021-03-09
2021-03-03,Z99,1.0,222212,99.0,901867,909893,2021-03-08
2021-03-03,CAT,0.2,72259,100.0,13911,13911,2021-03-08
2021-03-02,Z99,1.0,165322,99.0,901950,909880,2021-03-07
2021-03-02,CAT,0.2,66805,100.0,13936,13936,2021-03-07
2021-03-01,Z99,1.0,161218,99.0,901967,909876,2021-03-06
2021-03-01,CAT,0.2,60061,100.0,13952,13952,2021-03-06
2021-02-28,Z99,1.0,151955,99.0,901157,909859,2021-03-03
2021-02-28,CAT,0.3333333333333333,29657,100.0,8330,8330,2021-03-03
2021-02-27,Z99,1.0,161071,99.0,901690,909860,2021-03-03
2021-02-27,CAT,0.25,44686,100.0,11111,11111,2021-03-03
2021-02-26,Z99,1.0,158154,99.0,901762,909861,2021-03-03
2021-02-26,CAT,0.2,66328,100.0,13905,13905,2021-03-03
2021-02-25,Z99,1.0,141025,99.0,901663,909849,2021-03-02
2021-02-25,CAT,0.2,64537,100.0,13901,13901,2021-03-02
2021-02-24,Z99,1.0,146466,99.0,901575,909816,2021-03-01
2021-02-24,CAT,0.2,64905,100.0,13893,13893,2021-03-01
2021-02-23,Z99,1.0,141831,99.0,901572,909797,2021-02-28
2021-02-23,CAT,0.2,63635,100.0,13899,13899,2021-02-28
2021-02-22,Z99,1.0,163689,99.0,901591,909790,2021-02-27
2021-02-22,CAT,0.2,59001,100.0,13919,13919,2021-02-27
2021-02-21,Z99,1.0,162822,99.0,901681,909770,2021-02-26
2021-02-21,CAT,0.2,50647,100.0,13940,13940,2021-02-26
2021-02-20,Z99,1.0,172933,99.0,901630,909769,2021-02-25
2021-02-20,CAT,0.2,57179,100.0,13949,13949,2021-02-25
2021-02-19,Z99,1.0,183613,99.0,901512,909741,2021-02-24
2021-02-19,CAT,0.2,66773,100.0,13916,13916,2021-02-24
2021-02-18,Z99,1.0,185140,99.0,901455,909725,2021-02-23
2021-02-18,CAT,0.2,66581,100.0,13936,13936,2021-02-23
2021-02-17,Z99,1.0,179936,99.0,901416,909728,2021-02-22
2021-02-17,CAT,0.2,65261,100.0,13935,13935,2021-02-22
2021-02-16,Z99,1.0,159282,99.0,901371,909692,2021-02-21
2021-02-16,CAT,0.2,59873,100.0,13950,13950,2021-02-21
2021-02-15,Z99,1.0,196420,99.0,901501,909672,2021-02-20
2021-02-15,CAT,0.173469387755102,59828,100.0,14084,14084,2021-02-20
2021-02-14,Z99,1.0,167058,99.0,901481,909672,2021-02-19
2021-02-14,CAT,0.1666666666666666,63398,100.0,16720,16720,2021-02-19
2021-02-13,Z99,1.0,185265,99.0,901450,909672,2021-02-18
2021-02-13,CAT,0.1666666666666666,69548,100.0,16767,16767,2021-02-18
2021-02-12,Z99,1.0,156676,99.0,901140,909667,2021-02-17
2021-02-12,CAT,0.1666666666666666,77919,100.0,16768,16768,2021-02-17
2021-02-11,Z99,1.0,175533,99.0,900860,909651,2021-02-16
2021-02-11,CAT,0.3333333333333333,79912,100.0,16765,16765,2021-02-16
2021-02-10,Z99,1.0,169235,99.0,901035,909624,2021-02-15
2021-02-10,CAT,0.2,66020,100.0,13986,13986,2021-02-15
2021-02-09,Z99,1.0,181747,99.0,901035,909612,2021-02-14
2021-02-09,CAT,0.2,66793,100.0,13971,13971,2021-02-14
2021-02-08,Z99,1.0,172790,99.0,900961,909601,2021-02-13
2021-02-08,CAT,0.2,61628,100.0,13935,13935,2021-02-13
2021-02-07,Z99,1.0,162599,99.0,901080,909575,2021-02-12
2021-02-07,CAT,0.2,52485,100.0,14013,14013,2021-02-12
2021-02-06,Z99,1.0,165973,99.0,900959,909566,2021-02-11
2021-02-06,CAT,0.2,56895,100.0,13982,13982,2021-02-11
2021-02-05,Z99,1.0,174023,99.0,900758,909566,2021-02-10
2021-02-05,CAT,0.2,67548,100.0,13991,13991,2021-02-10
2021-02-04,Z99,1.0,151960,99.0,900663,909555,2021-02-09
2021-02-04,CAT,0.2,63925,100.0,13959,13959,2021-02-09
2021-02-03,Z99,1.0,156097,99.0,900654,909540,2021-02-08
2021-02-03,CAT,0.2,64241,100.0,13980,13980,2021-02-08
2021-02-02,Z99,1.0,138971,99.0,900732,909521,2021-02-07
2021-02-02,CAT,0.2,60688,100.0,13979,13979,2021-02-07
2021-02-01,Z99,1.0,156908,99.0,900858,909517,2021-02-06
2021-02-01,CAT,0.2,58111,100.0,13999,13999,2021-02-06
2021-01-31,Z99,1.0,200593,99.0,900111,909515,2021-02-03
2021-01-31,CAT,0.3333333333333333,32371,100.0,8379,8379,2021-02-03
2021-01-30,Z99,1.0,219613,99.0,900569,909515,2021-02-03
2021-01-30,CAT,0.25,48443,100.0,11172,11172,2021-02-03
2021-01-29,Z99,1.0,214304,99.0,900894,909510,2021-02-03
2021-01-29,CAT,0.2,68256,100.0,13976,13976,2021-02-03
2021-01-28,Z99,1.0,214178,99.0,900893,909509,2021-02-02
2021-01-28,CAT,0.2,69608,100.0,14020,14020,2021-02-02
2021-01-27,Z99,1.0,240765,99.0,900850,909484,2021-02-01
2021-01-27,CAT,0.2,72040,100.0,13981,13981,2021-02-01
2021-01-26,Z99,1.0,251073,99.0,900848,909474,2021-01-31
2021-01-26,CAT,0.2,73477,100.0,13988,13988,2021-01-31
2021-01-25,Z99,1.0,269944,99.0,901144,909453,2021-01-30
2021-01-25,CAT,0.2,70330,100.0,14025,14025,2021-01-30
2021-01-24,Z99,1.0,226695,99.0,901274,909447,2021-01-29
2021-01-24,CAT,0.2,57897,100.0,14019,14019,2021-01-29
2021-01-23,Z99,1.0,201032,99.0,901255,909447,2021-01-28
2021-01-23,CAT,0.2,57745,100.0,13993,13993,2021-01-28
2021-01-22,Z99,1.0,157714,99.0,901289,909438,2021-01-27
2021-01-22,CAT,0.2,64846,100.0,14007,14007,2021-01-27
2021-01-21,Z99,1.0,126463,99.0,901330,909422,2021-01-26
2021-01-21,CAT,0.2,58897,100.0,14000,14000,2021-01-26
2021-01-20,Z99,1.0,132627,99.0,901270,909412,2021-01-25
2021-01-20,CAT,0.2,58851,100.0,14013,14013,2021-01-25
2021-01-19,Z99,1.0,149611,99.0,901301,909411,2021-01-24
2021-01-19,CAT,0.2,61966,100.0,14042,14042,2021-01-24
2021-01-18,Z99,1.0,136545,99.0,901408,909385,2021-01-23
2021-01-18,CAT,0.2,55920,100.0,14039,14039,2021-01-23
2021-01-17,Z99,1.0,119258,99.0,901368,909385,2021-01-22
2021-01-17,CAT,0.2,44605,100.0,14032,14032,2021-01-22
2021-01-16,Z99,1.0,124197,99.0,901311,909385,2021-01-21
2021-01-16,CAT,0.2,51201,100.0,14024,14024,2021-01-21
2021-01-15,Z99,1.0,121454,99.0,901182,909383,2021-01-20
2021-01-15,CAT,0.2,58577,100.0,13998,13998,2021-01-20
2021-01-14,Z99,1.0,148596,99.0,901092,909361,2021-01-19
2021-01-14,CAT,0.2,62400,100.0,14010,14010,2021-01-19
2021-01-13,Z99,1.0,177049,99.0,900955,909340,2021-01-18
2021-01-13,CAT,0.2,63604,100.0,14017,14017,2021-01-18
2021-01-12,Z99,1.0,184222,99.0,900953,909329,2021-01-17
2021-01-12,CAT,0.2,64932,100.0,14023,14023,2021-01-17
2021-01-11,Z99,1.0,193710,99.0,900995,909320,2021-01-16
2021-01-11,CAT,0.2,61471,100.0,14046,14046,2021-01-16
2021-01-10,Z99,1.0,190992,99.0,901038,909310,2021-01-15
2021-01-10,CAT,0.2,51971,100.0,14005,14005,2021-01-15
2021-01-09,Z99,1.0,195074,99.0,900948,909310,2021-01-14
2021-01-09,CAT,0.2,58073,100.0,13906,13906,2021-01-14
2021-01-08,Z99,1.0,191202,99.0,900821,909226,2021-01-13
2021-01-08,CAT,0.2,66883,100.0,14024,14024,2021-01-13
2021-01-07,Z99,1.0,188837,99.0,900796,909209,2021-01-12
2021-01-07,CAT,0.2,65609,100.0,14012,14012,2021-01-12
2021-01-06,Z99,1.0,198611,99.0,900751,909194,2021-01-11
2021-01-06,CAT,0.2,66467,100.0,14036,14036,2021-01-11
2021-01-05,Z99,1.0,193705,99.0,900682,909191,2021-01-10
2021-01-05,CAT,0.2,66022,100.0,13948,13948,2021-01-10
2021-01-04,Z99,1.0,197244,99.0,900684,909167,2021-01-09
2021-01-04,CAT,0.2,61215,100.0,13974,13974,2021-01-09
2021-01-03,Z99,1.0,194738,99.0,900812,909148,2021-01-08
2021-01-03,CAT,0.2,51381,100.0,13958,13958,2021-01-08
2021-01-02,Z99,1.0,192921,99.0,900828,909148,2021-01-07
2021-01-02,CAT,0.2,51597,100.0,13971,13971,2021-01-07
2021-01-01,Z99,1.0,194542,99.0,900753,909148,2021-01-06
2021-01-01,CAT,0.2,53257,100.0,13956,13956,2021-01-06
2020-12-31,Z99,1.0,220394,99.0,900297,909146,2021-01-05
2020-12-31,CAT,0.2,66511,100.0,13971,13971,2021-01-05
2020-12-30,Z99,1.0,217936,99.0,900207,909144,2021-01-04
2020-12-30,CAT,0.2,66544,100.0,13941,13941,2021-01-04
2020-12-29,Z99,1.0,185225,99.0,900306,909133,2021-01-03
2020-12-29,CAT,0.2,59962,100.0,13953,13953,2021-01-03
2020-12-28,Z99,1.0,184801,99.0,900511,909108,2021-01-02
2020-12-28,CAT,0.2,59306,100.0,13998,13998,2021-01-02
2020-12-27,Z99,1.0,162814,99.0,901166,909080,2021-01-01
2020-12-27,CAT,0.2,47699,100.0,14019,14019,2021-01-01
2020-12-26,Z99,1.0,157767,99.0,901188,909080,2020-12-31
2020-12-26,CAT,0.2,49151,100.0,14018,14018,2020-12-31
2020-12-25,Z99,1.0,155444,99.0,901208,909080,2020-12-30
2020-12-25,CAT,0.2,45280,100.0,14003,14003,2020-12-30
2020-12-24,Z99,1.0,185739,99.0,901122,909076,2020-12-29
2020-12-24,CAT,0.2,60815,100.0,14023,14023,2020-12-29
2020-12-23,Z99,1.0,172562,99.0,900956,909076,2020-12-28
2020-12-23,CAT,0.2,65403,100.0,14040,14040,2020-12-28
2020-12-22,Z99,1.0,164138,99.0,900979,909062,2020-12-27
2020-12-22,CAT,0.2,65959,100.0,14069,14069,2020-12-27
2020-12-21,Z99,1.0,152103,99.0,901013,909042,2020-12-26
2020-12-21,CAT,0.2,57366,100.0,14050,14050,2020-12-26
2020-12-20,Z99,1.0,173124,99.0,901079,909005,2020-12-25
2020-12-20,CAT,0.2,53783,100.0,14072,14072,2020-12-25
2020-12-19,Z99,1.0,185142,99.0,900943,909005,2020-12-24
2020-12-19,CAT,0.2,60095,100.0,14058,14058,2020-12-24
2020-12-18,Z99,1.0,173332,99.0,900875,908985,2020-12-23
2020-12-18,CAT,0.2,69314,100.0,14045,14045,2020-12-23
2020-12-17,Z99,1.0,200949,99.0,900822,908967,2020-12-22
2020-12-17,CAT,0.2,70903,100.0,14062,14062,2020-12-22
2020-12-16,Z99,1.0,193923,99.0,900777,908950,2020-12-21
2020-12-16,CAT,0.2,70664,100.0,14054,14054,2020-12-21
2020-12-15,Z99,1.0,185204,99.0,900773,908935,2020-12-20
2020-12-15,CAT,0.2,71330,100.0,14072,14072,2020-12-20
2020-12-14,Z99,1.0,175161,99.0,900756,908915,2020-12-19
2020-12-14,CAT,0.2,62881,100.0,14056,14056,2020-12-19
2020-12-13,Z99,1.0,177524,99.0,900863,908906,2020-12-18
2020-12-13,CAT,0.2,54203,100.0,14076,14076,2020-12-18
2020-12-12,Z99,1.0,192530,99.0,900725,908888,2020-12-17
2020-12-12,CAT,0.2,62948,100.0,14067,14067,2020-12-17
2020-12-11,Z99,1.0,164504,99.0,900654,908746,2020-12-16
2020-12-11,CAT,0.2,68691,100.0,14030,14030,2020-12-16
2020-12-10,Z99,1.0,168931,99.0,900635,908725,2020-12-15
2020-12-10,CAT,0.2,69925,100.0,14102,14102,2020-12-15
2020-12-09,Z99,1.0,141512,99.0,900620,908706,2020-12-14
2020-12-09,CAT,0.2,66493,100.0,14109,14109,2020-12-14
2020-12-08,Z99,1.0,125826,99.0,900748,908692,2020-12-13
2020-12-08,CAT,0.2,62800,100.0,14111,14111,2020-12-13
2020-12-07,Z99,1.0,187446,99.0,900839,908677,2020-12-12
2020-12-07,CAT,0.2,67287,100.0,14135,14135,2020-12-12
2020-12-06,Z99,1.0,181106,99.0,900893,908637,2020-12-11
2020-12-06,CAT,0.2,58478,100.0,14141,14141,2020-12-11
2020-12-05,Z99,1.0,181238,99.0,900637,908637,2020-12-10
2020-12-05,CAT,0.2,61951,100.0,14128,14128,2020-12-10
2020-12-04,Z99,1.0,174342,99.0,900571,908244,2020-12-09
2020-12-04,CAT,0.2,70442,100.0,14130,14130,2020-12-09
2020-12-03,Z99,1.0,143678,99.0,900546,908234,2020-12-08
2020-12-03,CAT,0.2,66232,100.0,14133,14133,2020-12-08
2020-12-02,Z99,1.0,156294,99.0,900589,908236,2020-12-07
2020-12-02,CAT,0.2,67945,100.0,14120,14120,2020-12-07
2020-12-01,Z99,1.0,163188,99.0,900566,908206,2020-12-06
2020-12-01,CAT,0.2,69007,100.0,14162,14162,2020-12-06
2020-11-30,Z99,1.0,162822,99.0,899446,908195,2020-12-03
2020-11-30,CAT,0.3333333333333333,38215,100.0,8467,8467,2020-12-03
2020-11-29,Z99,1.0,172094,99.0,900357,908192,2020-12-03
2020-11-29,CAT,0.25,44213,100.0,11294,11294,2020-12-03
2020-11-28,Z99,1.0,176459,99.0,900571,908192,2020-12-03
2020-11-28,CAT,0.2,61762,100.0,14121,14121,2020-12-03
2020-11-27,Z99,1.0,164924,99.0,900463,908192,2020-12-02
2020-11-27,CAT,0.2,62485,100.0,14131,14131,2020-12-02
2020-11-26,Z99,1.0,150972,99.0,900525,908191,2020-12-01
2020-11-26,CAT,0.2,52145,100.0,14137,14137,2020-12-01
2020-11-25,Z99,1.0,152010,99.0,900489,908189,2020-11-30
2020-11-25,CAT,0.2,69056,100.0,14117,14117,2020-11-30
2020-11-24,Z99,1.0,139334,99.0,900512,908172,2020-11-29
2020-11-24,CAT,0.1666666666666666,80011,100.0,16907,16907,2020-11-29
2020-11-23,Z99,1.0,131083,99.0,900452,908162,2020-11-28
2020-11-23,CAT,0.1666666666666666,72980,100.0,16953,16953,2020-11-28
2020-11-22,Z99,1.0,123827,99.0,900512,908154,2020-11-27
2020-11-22,CAT,0.1666666666666666,60576,100.0,16983,16983,2020-11-27
2020-11-21,Z99,1.0,126536,99.0,900372,908154,2020-11-26
2020-11-21,CAT,0.1666666666666666,66489,100.0,16972,16972,2020-11-26
2020-11-20,Z99,1.0,127914,99.0,900330,908081,2020-11-25
2020-11-20,CAT,0.3333333333333333,78395,100.0,16966,16966,2020-11-25
2020-11-19,Z99,1.0,128100,99.0,900340,908072,2020-11-24
2020-11-19,CAT,0.2,65022,100.0,14128,14128,2020-11-24
2020-11-18,Z99,1.0,121788,99.0,900297,908049,2020-11-23
2020-11-18,CAT,0.2,64383,100.0,14142,14142,2020-11-23
2020-11-17,Z99,1.0,111956,99.0,900435,908031,2020-11-22
2020-11-17,CAT,0.2,61801,100.0,14123,14123,2020-11-22
2020-11-16,Z99,1.0,111487,99.0,900493,908020,2020-11-21
2020-11-16,CAT,0.2,55563,100.0,14122,14122,2020-11-21
2020-11-15,Z99,1.0,125344,99.0,900573,907974,2020-11-20
2020-11-15,CAT,0.2,48735,100.0,14139,14139,2020-11-20
2020-11-14,Z99,1.0,133352,99.0,900480,907974,2020-11-19
2020-11-14,CAT,0.2,56744,100.0,14130,14130,2020-11-19
2020-11-13,Z99,1.0,151125,99.0,900333,907944,2020-11-18
2020-11-13,CAT,0.2,67906,100.0,14128,14128,2020-11-18
2020-11-12,Z99,1.0,156396,99.0,900243,907908,2020-11-17
2020-11-12,CAT,0.2,68884,100.0,14112,14112,2020-11-17
2020-11-11,Z99,1.0,167503,99.0,900190,907864,2020-11-16
2020-11-11,CAT,0.2,69545,100.0,14111,14111,2020-11-16
2020-11-10,Z99,1.0,170374,99.0,900076,907808,2020-11-15
2020-11-10,CAT,0.2,69392,100.0,14105,14105,2020-11-15
2020-11-09,Z99,1.0,157634,99.0,900158,907794,2020-11-14
2020-11-09,CAT,0.2,62072,100.0,14117,14117,2020-11-14
2020-11-08,Z99,1.0,146858,99.0,900561,907773,2020-11-13
2020-11-08,CAT,0.2,53152,100.0,14161,14161,2020-11-13
2020-11-07,Z99,1.0,117110,99.0,900638,907773,2020-11-12
2020-11-07,CAT,0.2,56703,100.0,14124,14124,2020-11-12
2020-11-06,Z99,1.0,93587,99.0,900761,907766,2020-11-11
2020-11-06,CAT,0.2,59639,100.0,14134,14134,2020-11-11
2020-11-05,Z99,1.0,92177,99.0,900810,907747,2020-11-10
2020-11-05,CAT,0.2,57677,100.0,14131,14131,2020-11-10
2020-11-04,Z99,1.0,93119,99.0,900803,907721,2020-11-09
2020-11-04,CAT,0.2,59438,100.0,14131,14131,2020-11-09
2020-11-03,Z99,1.0,92864,99.0,900622,907715,2020-11-08
2020-11-03,CAT,0.2,58379,100.0,14087,14087,2020-11-08
2020-11-02,Z99,1.0,92092,99.0,900555,907684,2020-11-07
2020-11-02,CAT,0.2,53226,100.0,14096,14096,2020-11-07
2020-11-01,Z99,1.0,94086,99.0,900557,907676,2020-11-06
2020-11-01,CAT,0.2,42373,100.0,14100,14100,2020-11-06
2020-10-31,Z99,1.0,98325,99.0,900095,907626,2020-11-05
2020-10-31,CAT,0.1666666666666666,58635,100.0,16858,16858,2020-11-05
2020-10-30,Z99,1.0,99182,99.0,900316,907626,2020-11-04
2020-10-30,CAT,0.1428571428571428,84524,100.0,19727,19727,2020-11-04
2020-10-29,Z99,1.0,102149,99.0,900266,907606,2020-11-03
2020-10-29,CAT,0.1428571428571428,85010,100.0,19738,19738,2020-11-03
2020-10-28,Z99,1.0,107023,99.0,900220,907577,2020-11-02
2020-10-28,CAT,0.1428571428571428,87065,100.0,19773,19773,2020-11-02
2020-10-27,Z99,1.0,110675,99.0,900279,907533,2020-11-01
2020-10-27,CAT,0.2857142857142857,90392,100.0,19796,19796,2020-11-01
2020-10-26,Z99,1.0,93948,99.0,900371,907519,2020-10-31
2020-10-26,CAT,0.3333333333333333,64993,100.0,16948,16948,2020-10-31
2020-10-25,Z99,1.0,87869,99.0,900609,907496,2020-10-30
2020-10-25,CAT,0.2,42916,100.0,14119,14119,2020-10-30
2020-10-24,Z99,1.0,85671,99.0,900598,907496,2020-10-29
2020-10-24,CAT,0.2,46338,100.0,14119,14119,2020-10-29
2020-10-23,Z99,1.0,84694,99.0,900534,907452,2020-10-28
2020-10-23,CAT,0.2,55719,100.0,14118,14118,2020-10-28
2020-10-22,Z99,1.0,82907,99.0,900388,907448,2020-10-27
2020-10-22,CAT,0.2,53635,100.0,14132,14132,2020-10-27
2020-10-21,Z99,1.0,82436,99.0,900206,907428,2020-10-26
2020-10-21,CAT,0.2,54369,100.0,14126,14126,2020-10-26
2020-10-20,Z99,1.0,81736,99.0,900228,907402,2020-10-25
2020-10-20,CAT,0.2,54450,100.0,14138,14138,2020-10-25
2020-10-19,Z99,1.0,78989,99.0,900226,907397,2020-10-24
2020-10-19,CAT,0.2,48443,100.0,14135,14135,2020-10-24
2020-10-18,Z99,1.0,80234,99.0,900335,907372,2020-10-23
2020-10-18,CAT,0.2,40586,100.0,14131,14131,2020-10-23
2020-10-17,Z99,1.0,81240,99.0,900292,907372,2020-10-22
2020-10-17,CAT,0.2,45612,100.0,14116,14116,2020-10-22
2020-10-16,Z99,1.0,80063,99.0,900200,907367,2020-10-21
2020-10-16,CAT,0.2,54368,100.0,14108,14108,2020-10-21
2020-10-15,Z99,1.0,78691,99.0,900049,907348,2020-10-20
2020-10-15,CAT,0.2,53217,100.0,14091,14091,2020-10-20
2020-10-14,Z99,1.0,78928,99.0,900057,907336,2020-10-19
2020-10-14,CAT,0.2,53029,100.0,14162,14162,2020-10-19
2020-10-13,Z99,1.0,76897,99.0,900171,907329,2020-10-18
2020-10-13,CAT,0.2,51230,100.0,14170,14170,2020-10-18
2020-10-12,Z99,1.0,78841,99.0,900179,907314,2020-10-17
2020-10-12,CAT,0.2,47754,100.0,14167,14167,2020-10-17
2020-10-11,Z99,1.0,80569,99.0,900297,907312,2020-10-16
2020-10-11,CAT,0.2,39511,100.0,14145,14145,2020-10-16
2020-10-10,Z99,1.0,80973,99.0,900172,907312,2020-10-15
2020-10-10,CAT,0.2,45642,100.0,14120,14120,2020-10-15
2020-10-09,Z99,1.0,82355,99.0,900038,907228,2020-10-14
2020-10-09,CAT,0.2,55967,100.0,14132,14132,2020-10-14
2020-10-08,Z99,1.0,79231,99.0,899890,907216,2020-10-13
2020-10-08,CAT,0.2,53561,100.0,14163,14163,2020-10-13
2020-10-07,Z99,1.0,77819,99.0,899866,907189,2020-10-12
2020-10-07,CAT,0.2,53031,100.0,14194,14194,2020-10-12
2020-10-06,Z99,1.0,77356,99.0,899944,907175,2020-10-11
2020-10-06,CAT,0.2,54518,100.0,14182,14182,2020-10-11
2020-10-05,Z99,1.0,73688,99.0,900039,907162,2020-10-10
2020-10-05,CAT,0.2,46301,100.0,14195,14195,2020-10-10
2020-10-04,Z99,1.0,74985,99.0,900227,907150,2020-10-09
2020-10-04,CAT,0.25,30145,100.0,11401,11401,2020-10-09
2020-10-03,Z99,1.0,75928,99.0,899555,907142,2020-10-08
2020-10-03,CAT,0.25,34056,100.0,11371,11371,2020-10-08
2020-10-02,Z99,1.0,74312,99.0,899355,907143,2020-10-07
2020-10-02,CAT,0.25,40784,100.0,11336,11336,2020-10-07
2020-10-01,Z99,1.0,73062,99.0,899910,907113,2020-10-06
2020-10-01,CAT,0.25,37715,100.0,11416,11416,2020-10-06
2020-09-30,Z99,1.0,73078,99.0,900082,907085,2020-10-06
2020-09-30,CAT,0.2,47236,100.0,14284,14284,2020-10-06
2020-09-29,Z99,1.0,74674,99.0,899851,907058,2020-10-04
2020-09-29,CAT,0.2,51375,100.0,14292,14292,2020-10-04
2020-09-28,Z99,1.0,76902,99.0,899886,907039,2020-10-03
2020-09-28,CAT,0.2,47529,100.0,14315,14315,2020-10-03
2020-09-27,Z99,1.0,77409,99.0,899968,907030,2020-10-02
2020-09-27,CAT,0.2,38641,100.0,14284,14284,2020-10-02
2020-09-26,Z99,1.0,78921,99.0,899896,907030,2020-10-01
2020-09-26,CAT,0.2,45103,100.0,14302,14302,2020-10-01
2020-09-25,Z99,1.0,77611,99.0,899716,907014,2020-09-30
2020-09-25,CAT,0.2,53011,100.0,14280,14280,2020-09-30
2020-09-24,Z99,1.0,75968,99.0,899643,907000,2020-09-29
2020-09-24,CAT,0.2,52963,100.0,14312,14312,2020-09-29
2020-09-23,Z99,1.0,76067,99.0,899637,906987,2020-09-28
2020-09-23,CAT,0.2,53826,100.0,14322,14322,2020-09-28
2020-09-22,Z99,1.0,74847,99.0,899667,906976,2020-09-27
2020-09-22,CAT,0.2,52984,100.0,14308,14308,2020-09-27
2020-09-21,Z99,1.0,73952,99.0,899615,906965,2020-09-26
2020-09-21,CAT,0.2,47272,100.0,14292,14292,2020-09-26
2020-09-20,Z99,1.0,73899,99.0,899782,906965,2020-09-25
2020-09-20,CAT,0.2,37262,100.0,14276,14276,2020-09-25
2020-09-19,Z99,1.0,74650,99.0,899636,906965,2020-09-24
2020-09-19,CAT,0.25,33943,100.0,11458,11458,2020-09-24
2020-09-18,Z99,1.0,74325,99.0,899607,906903,2020-09-23
2020-09-18,CAT,0.3333333333333333,30547,100.0,8539,8539,2020-09-23
2020-09-17,Z99,1.0,74458,99.0,899621,906884,2020-09-22
2020-09-17,CAT,0.3396226415094339,30118,100.0,8495,8495,2020-09-22
2020-09-16,Z99,1.0,74861,99.0,899597,906876,2020-09-21
2020-09-16,CAT,0.3461538461538461,28294,100.0,8351,8351,2020-09-21
2020-09-15,Z99,1.0,74129,99.0,899753,906870,2020-09-21
2020-09-15,CAT,0.2608695652173913,38231,100.0,11129,11129,2020-09-21
2020-09-14,Z99,1.0,73770,99.0,899870,906861,2020-09-21
2020-09-14,CAT,0.2093023255813953,42063,100.0,13910,13910,2020-09-21
2020-09-13,Z99,1.0,75822,99.0,899807,907058,2020-09-18
2020-09-13,CAT,0.2,35407,100.0,13783,13783,2020-09-18
2020-09-12,Z99,1.0,78048,99.0,899613,907058,2020-09-17
2020-09-12,CAT,0.2,38771,100.0,13780,13780,2020-09-17
2020-09-11,Z99,1.0,76176,99.0,899386,907058,2020-09-16
2020-09-11,CAT,0.1666666666666666,55769,100.0,16000,16000,2020-09-16
2020-09-10,Z99,1.0,75113,99.0,899296,906977,2020-09-15
2020-09-10,CAT,0.1666666666666666,58220,100.0,16591,16591,2020-09-15
2020-09-09,Z99,1.0,72887,99.0,899363,906967,2020-09-14
2020-09-09,CAT,0.1666666666666666,55341,100.0,16625,16625,2020-09-14
2020-09-08,Z99,0.0,70801,99.0,899246,906745,2020-09-13
2020-09-08,CAT,0.1666666666666666,51186,100.0,16625,16625,2020-09-13
2020-09-07,Z99,1.0,68421,99.0,899447,906728,2020-09-13
2020-09-07,CAT,0.3333333333333333,39331,100.0,16704,16704,2020-09-13
2020-09-06,Z99,1.0,61740,99.0,899600,906728,2020-09-11
2020-09-06,CAT,0.2,32388,100.0,13891,13891,2020-09-11
2020-09-05,Z99,1.0,67028,99.0,899598,906714,2020-09-10
2020-09-05,CAT,0.2,35603,100.0,13857,13857,2020-09-10
2020-09-04,Z99,1.0,76504,99.0,899694,906923,2020-09-09
2020-09-04,CAT,0.2,46951,100.0,13886,13886,2020-09-09
2020-09-03,Z99,1.0,74386,99.0,899604,906904,2020-09-08
2020-09-03,CAT,0.2,46605,100.0,13914,13914,2020-09-08
2020-09-02,Z99,1.0,76204,99.0,899486,906879,2020-09-07
2020-09-02,CAT,0.2,47472,100.0,13938,13938,2020-09-07
2020-09-01,Z99,1.0,74707,99.0,899396,906839,2020-09-06
2020-09-01,CAT,0.6,45686,100.0,13906,13906,2020-09-06
2020-08-31,Z99,1.0,73720,99.0,898592,906832,2020-09-03
2020-08-31,CAT,0.3333333333333333,25036,100.0,8334,8334,2020-09-03
2020-08-30,Z99,1.0,73037,99.0,899177,906807,2020-09-03
2020-08-30,CAT,0.25,26955,100.0,11118,11118,2020-09-03
2020-08-29,Z99,1.0,73185,99.0,899415,906807,2020-09-03
2020-08-29,CAT,0.2,38659,100.0,13905,13905,2020-09-03
2020-08-28,Z99,1.0,72238,99.0,899342,906713,2020-09-02
2020-08-28,CAT,0.2,46850,100.0,13927,13927,2020-09-02
2020-08-27,Z99,1.0,69828,99.0,899275,906710,2020-09-01
2020-08-27,CAT,0.2,45861,100.0,13974,13974,2020-09-01
2020-08-26,Z99,1.0,70845,99.0,899299,906705,2020-08-31
2020-08-26,CAT,0.2,45561,100.0,14031,14031,2020-08-31
2020-08-25,Z99,1.0,68988,99.0,899393,906665,2020-08-30
2020-08-25,CAT,0.2,45381,100.0,14048,14048,2020-08-30
2020-08-24,Z99,0.0,66528,99.0,899441,906649,2020-08-29
2020-08-24,CAT,0.2,40392,100.0,14054,14054,2020-08-29
2020-08-23,Z99,0.0,64518,99.0,899590,906634,2020-08-29
2020-08-23,CAT,0.2,31470,100.0,14062,14062,2020-08-29
2020-08-22,Z99,1.0,65820,99.0,899606,906645,2020-08-29
2020-08-22,CAT,0.2,36000,100.0,13982,13982,2020-08-29
2020-08-21,Z99,1.0,69395,99.0,899536,906645,2020-08-26
2020-08-21,CAT,0.2,45717,100.0,13958,13958,2020-08-26
2020-08-20,Z99,1.0,69035,99.0,899402,906627,2020-08-25
2020-08-20,CAT,0.2,45495,100.0,14009,14009,2020-08-25
2020-08-19,Z99,1.0,68111,99.0,899349,906603,2020-08-24
2020-08-19,CAT,0.2,43822,100.0,14035,14035,2020-08-24
2020-08-18,Z99,1.0,68852,99.0,899318,906594,2020-08-23
2020-08-18,CAT,0.2,45156,100.0,14044,14044,2020-08-23
2020-08-17,Z99,1.0,69459,99.0,899297,906574,2020-08-22
2020-08-17,CAT,0.2,40788,100.0,14026,14026,2020-08-22
2020-08-16,Z99,1.0,69256,99.0,899380,906559,2020-08-21
2020-08-16,CAT,0.2,34814,100.0,14018,14018,2020-08-21
2020-08-15,Z99,1.0,70293,99.0,899368,906559,2020-08-20
2020-08-15,CAT,0.2,37574,100.0,14027,14027,2020-08-20
2020-08-14,Z99,1.0,73661,99.0,899336,906523,2020-08-19
2020-08-14,CAT,0.2,46825,100.0,14046,14046,2020-08-19
2020-08-13,Z99,1.0,74731,99.0,899296,906514,2020-08-18
2020-08-13,CAT,0.2,46970,100.0,14108,14108,2020-08-18
2020-08-12,Z99,1.0,78444,99.0,899345,906498,2020-08-17
2020-08-12,CAT,0.2,49385,100.0,14081,14081,2020-08-17
2020-08-11,Z99,1.0,78141,99.0,899269,906486,2020-08-16
2020-08-11,CAT,0.2,49266,100.0,14082,14082,2020-08-16
2020-08-10,Z99,1.0,79323,99.0,899252,906462,2020-08-15
2020-08-10,CAT,0.25,35145,100.0,11299,11299,2020-08-15
2020-08-09,Z99,1.0,76616,99.0,899336,906447,2020-08-14
2020-08-09,CAT,0.3333333333333333,21978,100.0,8476,8476,2020-08-14
2020-08-08,Z99,1.0,79315,99.0,899243,906447,2020-08-13
2020-08-08,CAT,0.5,16611,100.0,5654,5654,2020-08-13
2020-08-07,Z99,1.0,81416,99.0,898997,906444,2020-08-12
2020-08-07,CAT,1.0,9950,100.0,2826,2826,2020-08-12
2020-07-30,Z99,0.0,80035,98.0,891934,906343,2020-07-31
2020-07-30,CAT,0.0,9319,95.52941176470588,2778,2878,2020-07-31
2020-07-29,Z99,0.0,80662,99.0,897121,906333,2020-07-31
2020-07-29,CAT,0.0,19575,96.6470588235294,5584,5756,2020-07-31
2020-07-28,Z99,0.0,80403,99.0,898266,906320,2020-07-31
2020-07-28,CAT,0.0,29892,96.54901960784314,8365,8634,2020-07-31
2020-07-27,Z99,0.0,78682,99.0,898795,906301,2020-07-31
2020-07-27,CAT,0.0,35228,96.6470588235294,11177,11516,2020-07-31
2020-07-26,Z99,1.0,78270,99.0,899168,906299,2020-07-31
2020-07-26,CAT,0.2,36489,97.2235294117647,14030,14400,2020-07-31
2020-07-25,Z99,1.0,79644,99.0,899125,906299,2020-07-30
2020-07-25,CAT,0.2,40433,96.76470588235294,14005,14400,2020-07-30
2020-07-24,Z99,1.0,82917,99.0,898973,906299,2020-07-29
2020-07-24,CAT,0.2,50161,97.2235294117647,14059,14400,2020-07-29
2020-07-23,Z99,1.0,83025,99.0,898908,906258,2020-07-28
2020-07-23,CAT,0.2,49593,96.92941176470588,14044,14410,2020-07-28
2020-07-22,Z99,1.0,81337,99.0,898963,906244,2020-07-27
2020-07-22,CAT,0.2,50041,96.76470588235294,14018,14365,2020-07-27
2020-07-21,Z99,0.0,79360,99.0,898961,906222,2020-07-26
2020-07-21,CAT,0.2,42366,90.56470588235294,13818,14365,2020-07-26
2020-07-20,Z99,1.0,78617,99.0,899004,906209,2020-07-26
2020-07-20,CAT,0.2,31374,85.38823529411765,13605,14365,2020-07-26
2020-07-19,Z99,1.0,77252,99.0,899102,906201,2020-07-24
2020-07-19,CAT,0.2,21012,87.83529411764705,13426,14350,2020-07-24
2020-07-18,Z99,1.0,78575,99.0,899126,906201,2020-07-23
2020-07-18,CAT,0.2,16569,78.84705882352941,13186,14350,2020-07-23
2020-07-17,Z99,1.0,62578,98.0,885879,906196,2020-07-22
2020-07-17,CAT,0.2,10588,72.6470588235294,12780,14350,2020-07-22
2020-07-16,Z99,1.0,61824,98.0,885174,906188,2020-07-21
2020-07-16,CAT,0.2,10662,72.41176470588235,12805,14350,2020-07-21
2020-07-15,Z99,1.0,61425,98.0,886571,906205,2020-07-20
2020-07-15,CAT,0.2,10516,67.94117647058823,12885,14340,2020-07-20
2020-07-14,Z99,1.0,60516,98.0,885948,906190,2020-07-19
2020-07-14,CAT,0.2,10353,71.52941176470588,12870,14360,2020-07-19
2020-07-13,Z99,1.0,59881,98.0,886778,906176,2020-07-18
2020-07-13,CAT,0.1666666666666666,12928,72.29411764705883,15522,17250,2020-07-18
2020-07-12,Z99,1.0,61791,98.0,886293,906176,2020-07-17
2020-07-12,CAT,0.1428571428571428,17237,80.80672268907563,18227,20127,2020-07-17
2020-07-11,Z99,1.0,62609,98.0,884884,906176,2020-07-16
2020-07-11,CAT,0.125,22114,74.32352941176471,20652,23003,2020-07-16
2020-07-10,Z99,1.0,63381,97.0,883185,906208,2020-07-15
2020-07-10,CAT,0.1111111111111111,30120,73.01960784313725,22960,25879,2020-07-15
2020-07-09,Z99,0.0,64411,98.0,883682,906210,2020-07-14
2020-07-09,CAT,0.1837837837837838,37231,74.24324324324324,28156,31341,2020-07-14
2020-07-08,Z99,0.0,63923,98.0,884438,906212,2020-07-14
2020-07-08,CAT,0.17,38937,76.2,30798,33923,2020-07-14
2020-07-07,Z99,0.0,62886,98.0,884866,906212,2020-07-14
2020-07-07,CAT,0.1581395348837209,39807,80.51162790697674,33666,36561,2020-07-14
2020-07-06,Z99,0.0,63900,98.0,884298,906212,2020-07-14
2020-07-06,CAT,0.1504424778761062,38668,80.42035398230088,34938,37913,2020-07-14
2020-07-05,Z99,0.0,65989,98.0,884609,906213,2020-07-14
2020-07-05,CAT,0.2142857142857142,28774,93.02521008403362,36341,37806,2020-07-14
2020-07-04,Z99,0.0,71166,98.0,885976,906213,2020-07-14
2020-07-04,CAT,0.2292682926829268,24762,89.26829268292683,33937,35322,2020-07-14
2020-07-03,Z99,0.0,71478,98.0,884922,906213,2020-07-14
2020-07-03,CAT,0.3024390243902439,26881,88.78048780487805,33503,35058,2020-07-14
2020-07-02,Z99,0.0,68955,98.0,885273,906210,2020-07-14
2020-07-02,CAT,0.3263157894736842,25402,87.44736842105263,30798,32403,2020-07-14
2020-07-01,Z99,0.0,69000,98.0,886328,906206,2020-07-14
2020-07-01,CAT,0.2685714285714285,22757,86.45714285714286,28363,29933,2020-07-14
2020-06-30,Z99,0.0,70973,98.0,884021,906206,2020-07-14
2020-06-30,CAT,0.2702702702702703,14238,87.05405405405405,17989,18967,2020-07-14
2020-06-29,Z99,0.0,70983,98.0,885791,906206,2020-07-14
2020-06-29,CAT,0.1327433628318584,14305,83.46902654867256,17990,19274,2020-07-14
2020-06-28,Z99,0.0,71633,98.0,889333,906207,2020-07-14
2020-06-28,CAT,0.2481203007518796,16907,86.203007518797,20781,22241,2020-07-14
2020-06-27,Z99,0.0,70382,98.0,886738,906207,2020-07-14
2020-06-27,CAT,0.3684210526315789,16778,82.81954887218045,20709,22214,2020-07-14
2020-06-26,Z99,0.0,69532,98.0,883969,906209,2020-07-14
2020-06-26,CAT,0.408695652173913,15149,79.26086956521739,18003,19583,2020-07-14
2020-06-25,Z99,0.0,69747,98.0,884739,906205,2020-07-14
2020-06-25,CAT,0.32,13544,75.85,15473,17018,2020-07-14
2020-06-24,Z99,0.0,69709,98.0,886804,906208,2020-07-14
2020-06-24,CAT,0.2,10855,70.58823529411765,12790,14415,2020-07-14
2020-06-23,Z99,0.0,68584,98.0,887107,906243,2020-07-14
2020-06-23,CAT,0.2,11112,71.41176470588235,12895,14420,2020-07-14
2020-06-22,Z99,0.0,69002,98.0,886660,906258,2020-07-14
2020-06-22,CAT,0.2,11325,72.6470588235294,12950,14405,2020-07-14
2020-06-21,Z99,0.0,75022,98.0,885902,906260,2020-07-14
2020-06-21,CAT,0.2,11355,80.41176470588235,12940,14390,2020-07-14
2020-06-20,Z99,0.0,73653,98.0,887025,906260,2020-07-14
2020-06-20,CAT,0.2,10774,70.94117647058823,12830,14390,2020-07-14
2020-06-19,Z99,0.0,70945,98.0,887672,906262,2020-07-14
2020-06-19,CAT,0.2,10949,70.41176470588235,12775,14385,2020-07-14
2020-06-18,Z99,0.0,70042,98.0,886989,906262,2020-07-14
2020-06-18,CAT,0.2,10941,70.58823529411765,12810,14380,2020-07-14
2020-06-17,Z99,0.0,69688,98.0,887876,906267,2020-07-14
2020-06-17,CAT,0.2,10822,71.0,12835,14355,2020-07-14
2020-06-16,Z99,0.0,68892,98.0,888547,906272,2020-07-14
2020-06-16,CAT,0.2,10805,71.41176470588235,12875,14340,2020-07-14
2020-06-15,Z99,0.0,68789,98.0,886001,906260,2020-07-14
2020-06-15,CAT,0.2,10590,71.11764705882354,12840,14400,2020-07-14
2020-06-14,Z99,0.0,71624,98.0,885769,906266,2020-07-14
2020-06-14,CAT,0.2,10719,78.52941176470588,12865,14370,2020-07-14
2020-06-13,Z99,0.0,71914,98.0,885750,906266,2020-07-14
2020-06-13,CAT,0.2,10777,70.58823529411765,12875,14370,2020-07-14
2020-06-12,Z99,0.0,69154,98.0,883970,906273,2020-07-14
2020-06-12,CAT,0.2,10630,71.29411764705883,12815,14365,2020-07-14
2020-06-11,Z99,0.0,66213,98.0,884396,906280,2020-07-14
2020-06-11,CAT,0.2,10853,73.625,12880,14345,2020-07-14
2020-06-10,Z99,0.0,65771,98.0,885965,906283,2020-07-14
2020-06-10,CAT,0.2,10799,74.4375,12940,14340,2020-07-14
2020-06-09,Z99,0.0,67905,98.0,886620,906287,2020-07-14
2020-06-09,CAT,0.2,10533,73.5625,12885,14320,2020-07-14
2020-06-08,Z99,0.0,70921,98.0,884637,906283,2020-07-14
2020-06-08,CAT,0.2,10691,71.875,12810,14340,2020-07-14
2020-06-07,Z99,0.0,75303,98.0,884167,906284,2020-07-14
2020-06-07,CAT,0.2,11287,79.4375,12795,14335,2020-07-14
2020-06-06,Z99,0.0,74733,98.0,886887,906284,2020-07-14
2020-06-06,CAT,0.2,11089,72.8125,12805,14335,2020-07-14
2020-06-05,Z99,0.0,71536,98.0,888152,906284,2020-07-14
2020-06-05,CAT,0.2,10867,72.0625,12760,14340,2020-07-14
2020-06-04,Z99,0.0,68992,98.0,886980,906284,2020-07-14
2020-06-04,CAT,0.2,10549,73.5,12840,14340,2020-07-14
2020-06-03,Z99,0.0,67416,98.0,885955,906288,2020-07-14
2020-06-03,CAT,0.2,10612,74.25,12890,14340,2020-07-14
2020-06-02,Z99,0.0,68751,98.0,884395,906288,2020-07-14
2020-06-02,CAT,0.2,10435,72.25,12785,14345,2020-07-14
2020-06-01,Z99,0.0,69246,98.0,884289,906288,2020-07-14
2020-06-01,CAT,0.2,10293,72.375,12835,14340,2020-07-14
2020-05-31,Z99,0.0,73380,98.0,886089,906291,2020-07-14
2020-05-31,CAT,0.0,6540,81.875,7812,8598,2020-07-14
2020-05-30,Z99,0.0,73887,98.0,886291,906290,2020-07-14
2020-05-30,CAT,0.0,8564,74.75,10376,11468,2020-07-14
